id,long,lat,num_multe,num_park,day,hour
0,8,11,1001.0,0.0,2,1
1,8,13,940.0,0.0,2,1
2,7,12,885.0,0.0,2,1
3,7,13,778.0,0.0,2,1
4,8,12,735.0,0.0,2,1
5,8,10,726.0,0.0,2,1
6,9,11,691.0,0.0,2,2
7,9,9,671.0,10173.0,2,2
8,9,9,632.0,15644.0,2,1
9,9,11,596.0,0.0,2,1
10,9,13,588.0,0.0,2,1
11,8,7,586.0,0.0,2,1
12,7,9,552.0,0.0,2,1
13,7,11,536.0,0.0,2,1
14,9,10,535.0,0.0,2,3
15,9,10,524.0,0.0,2,1
16,7,8,500.0,0.0,2,1
17,7,10,492.0,0.0,2,1
18,8,8,459.0,0.0,2,1
19,10,11,421.0,0.0,2,1
20,11,11,415.0,0.0,2,1
21,7,9,413.0,0.0,2,2
22,9,11,408.0,0.0,2,3
23,6,13,407.0,0.0,2,1
24,10,10,385.0,0.0,2,1
25,9,10,383.0,0.0,2,2
26,9,8,365.0,11571.0,2,1
27,10,13,352.0,0.0,2,1
28,11,11,345.0,0.0,1,3
29,8,9,338.0,0.0,2,1
30,6,12,322.0,0.0,2,1
31,6,14,319.0,0.0,2,1
32,11,12,310.0,0.0,2,1
33,8,8,308.0,0.0,2,2
34,6,9,288.0,0.0,2,1
35,11,10,280.0,0.0,2,1
36,10,11,266.0,0.0,2,3
37,8,7,260.0,0.0,2,2
38,10,11,258.0,0.0,2,2
39,8,11,256.0,0.0,2,2
40,8,12,253.0,0.0,2,2
41,12,11,253.0,0.0,2,1
42,9,8,247.0,6755.0,2,2
43,8,6,229.0,0.0,2,1
44,6,10,228.0,0.0,2,1
45,9,12,224.0,0.0,2,1
46,10,10,222.0,0.0,2,2
47,6,13,215.0,0.0,2,2
48,8,10,214.0,0.0,2,2
49,7,14,207.0,0.0,2,1
50,12,12,207.0,0.0,2,1
51,7,13,202.0,0.0,2,2
52,7,10,196.0,0.0,2,2
53,7,12,195.0,0.0,2,2
54,11,11,189.0,0.0,2,2
55,9,12,184.0,0.0,2,2
56,7,8,182.0,0.0,2,2
57,6,9,178.0,0.0,2,2
58,8,9,175.0,0.0,2,2
59,8,11,170.0,0.0,1,1
60,9,11,165.0,0.0,1,2
61,9,11,164.0,0.0,1,1
62,8,13,153.0,0.0,2,2
63,9,13,148.0,0.0,1,1
64,10,11,144.0,0.0,1,3
65,11,9,144.0,0.0,2,1
66,11,10,143.0,0.0,2,2
67,8,12,138.0,0.0,1,1
68,7,12,135.0,0.0,1,1
69,12,10,134.0,0.0,2,1
70,13,11,133.0,0.0,2,1
71,12,10,129.0,0.0,2,2
72,7,11,127.0,0.0,2,2
73,7,13,119.0,0.0,1,1
74,6,12,117.0,0.0,2,2
75,10,11,115.0,0.0,1,1
76,11,14,114.0,0.0,2,1
77,8,10,114.0,0.0,1,1
78,4,8,113.0,0.0,2,1
79,10,13,112.0,0.0,1,1
80,2,13,110.0,0.0,2,2
81,9,9,109.0,3611.0,1,3
82,6,14,105.0,0.0,2,2
83,10,10,105.0,0.0,2,3
84,8,13,104.0,0.0,1,1
85,10,12,103.0,0.0,2,2
86,11,16,102.0,0.0,2,1
87,10,10,99.0,0.0,1,1
88,11,10,99.0,0.0,1,3
89,7,9,99.0,0.0,1,1
90,11,11,96.0,0.0,1,1
91,10,9,95.0,0.0,2,1
92,9,9,94.0,9449.0,2,3
93,9,7,92.0,0.0,2,1
94,11,12,89.0,0.0,2,2
95,5,13,89.0,0.0,2,1
96,2,13,88.0,0.0,2,1
97,10,14,86.0,0.0,2,1
98,12,11,85.0,0.0,2,2
99,14,12,84.0,0.0,2,1
100,9,9,84.0,3174.0,1,2
101,11,15,82.0,0.0,2,1
102,11,16,81.0,0.0,2,2
103,14,12,79.0,0.0,2,2
104,5,7,79.0,0.0,2,3
105,10,12,77.0,0.0,2,1
106,10,10,74.0,0.0,1,3
107,12,12,74.0,0.0,2,2
108,5,7,74.0,0.0,2,1
109,8,11,73.0,0.0,1,2
110,11,9,73.0,0.0,2,2
111,11,11,73.0,0.0,2,3
112,9,10,72.0,0.0,1,1
113,5,9,72.0,0.0,2,1
114,9,6,72.0,0.0,2,2
115,9,6,71.0,0.0,2,1
116,9,13,70.0,0.0,1,2
117,9,11,69.0,0.0,1,3
118,6,10,68.0,0.0,2,2
119,5,11,66.0,0.0,2,1
120,1,17,65.0,0.0,2,1
121,5,11,62.0,0.0,2,2
122,4,14,60.0,0.0,2,1
123,3,14,60.0,0.0,2,1
124,11,14,60.0,0.0,2,2
125,7,5,59.0,0.0,2,1
126,10,11,59.0,0.0,1,2
127,9,10,59.0,0.0,1,2
128,8,5,59.0,0.0,2,1
129,9,13,59.0,0.0,2,2
130,7,13,57.0,0.0,1,2
131,6,11,57.0,0.0,2,1
132,9,12,56.0,0.0,1,1
133,4,7,56.0,0.0,2,1
134,10,13,55.0,0.0,2,2
135,6,12,55.0,0.0,1,1
136,5,10,55.0,0.0,2,1
137,8,8,52.0,0.0,1,2
138,5,12,52.0,0.0,2,1
139,7,14,51.0,0.0,2,2
140,4,8,51.0,0.0,2,2
141,11,17,51.0,0.0,2,1
142,11,13,51.0,0.0,2,1
143,9,9,51.0,4933.0,1,1
144,3,8,50.0,0.0,2,1
145,7,11,48.0,0.0,1,1
146,5,14,47.0,0.0,2,1
147,9,14,47.0,0.0,1,1
148,10,10,46.0,0.0,1,2
149,7,14,45.0,0.0,1,1
150,6,7,45.0,0.0,2,1
151,9,12,45.0,0.0,1,3
152,4,13,44.0,0.0,2,1
153,5,9,43.0,0.0,2,2
154,11,15,43.0,0.0,2,2
155,13,11,43.0,0.0,2,2
156,7,8,42.0,0.0,1,1
157,9,10,42.0,0.0,1,3
158,5,13,41.0,0.0,2,2
159,10,14,41.0,0.0,2,2
160,10,14,41.0,0.0,1,1
161,9,12,40.0,0.0,1,2
162,8,7,40.0,0.0,1,2
163,11,10,40.0,0.0,1,1
164,5,8,40.0,0.0,2,1
165,8,6,40.0,0.0,2,2
166,6,14,39.0,0.0,1,1
167,9,7,39.0,0.0,2,2
168,11,11,39.0,0.0,1,2
169,7,16,38.0,0.0,2,1
170,2,12,38.0,0.0,2,1
171,7,18,38.0,0.0,2,1
172,6,11,37.0,0.0,2,2
173,6,13,36.0,0.0,1,1
174,11,12,36.0,0.0,1,1
175,10,16,36.0,0.0,2,1
176,7,10,36.0,0.0,1,1
177,7,4,36.0,0.0,1,1
178,10,9,35.0,0.0,2,2
179,4,7,35.0,0.0,2,2
180,7,17,34.0,0.0,2,1
181,9,16,34.0,0.0,2,1
182,8,13,34.0,0.0,1,2
183,1,14,34.0,0.0,2,1
184,8,16,34.0,0.0,2,1
185,11,10,34.0,0.0,2,3
186,12,11,34.0,0.0,1,2
187,3,13,34.0,0.0,2,1
188,10,15,32.0,0.0,2,2
189,10,13,32.0,0.0,1,2
190,7,12,31.0,0.0,1,2
191,8,17,31.0,0.0,2,1
192,12,10,31.0,0.0,1,2
193,6,5,31.0,0.0,2,1
194,3,11,30.0,0.0,2,1
195,5,12,30.0,0.0,2,2
196,4,14,30.0,0.0,2,3
197,10,12,30.0,0.0,1,2
198,10,15,29.0,0.0,2,1
199,11,15,29.0,0.0,1,1
200,13,12,29.0,0.0,2,1
201,11,9,29.0,0.0,1,2
202,3,12,29.0,0.0,2,1
203,3,8,28.0,0.0,2,2
204,13,12,28.0,0.0,2,2
205,7,4,28.0,0.0,2,1
206,7,18,28.0,0.0,2,2
207,5,10,28.0,0.0,2,2
208,5,7,27.0,0.0,2,2
209,8,9,27.0,0.0,1,1
210,1,12,27.0,0.0,2,2
211,8,17,27.0,0.0,2,2
212,10,16,27.0,0.0,2,2
213,8,14,27.0,0.0,2,1
214,8,18,26.0,0.0,2,1
215,7,4,26.0,0.0,2,2
216,12,16,26.0,0.0,2,1
217,3,3,26.0,0.0,2,1
218,5,6,26.0,0.0,2,1
219,4,4,26.0,0.0,2,1
220,4,8,25.0,0.0,1,1
221,12,11,25.0,0.0,1,1
222,7,9,25.0,0.0,1,2
223,8,8,25.0,0.0,1,1
224,9,8,24.0,2380.0,1,2
225,11,16,23.0,0.0,2,3
226,7,6,23.0,0.0,2,2
227,5,8,23.0,0.0,2,2
228,10,7,23.0,0.0,1,3
229,10,12,23.0,0.0,1,1
230,1,14,23.0,0.0,2,2
231,4,10,23.0,0.0,2,1
232,7,10,23.0,0.0,1,2
233,6,6,22.0,0.0,2,1
234,8,9,22.0,0.0,1,2
235,11,10,22.0,0.0,1,2
236,12,12,22.0,0.0,1,1
237,6,10,22.0,0.0,1,1
238,3,12,22.0,0.0,2,2
239,9,15,22.0,0.0,2,2
240,7,5,22.0,0.0,2,2
241,6,8,21.0,0.0,2,1
242,10,9,21.0,0.0,1,2
243,9,7,21.0,0.0,2,3
244,9,6,21.0,0.0,2,3
245,6,18,21.0,0.0,2,1
246,3,7,21.0,0.0,2,1
247,6,7,20.0,0.0,2,3
248,10,5,20.0,0.0,2,1
249,0,12,20.0,0.0,2,1
250,4,13,20.0,0.0,2,2
251,13,16,19.0,0.0,2,1
252,12,15,19.0,0.0,2,1
253,6,12,19.0,0.0,1,2
254,9,15,18.0,0.0,2,1
255,3,4,18.0,0.0,2,1
256,12,12,18.0,0.0,1,2
257,4,6,18.0,0.0,2,1
258,7,17,18.0,0.0,2,2
259,7,16,18.0,0.0,2,2
260,11,16,18.0,0.0,1,2
261,2,14,18.0,0.0,2,1
262,3,14,18.0,0.0,2,2
263,8,12,17.0,0.0,1,2
264,9,7,17.0,0.0,1,3
265,4,12,17.0,0.0,2,2
266,9,12,17.0,0.0,2,3
267,6,13,17.0,0.0,1,2
268,10,12,17.0,0.0,2,3
269,8,10,17.0,0.0,1,2
270,0,12,17.0,0.0,2,2
271,8,9,17.0,0.0,2,3
272,6,6,17.0,0.0,2,2
273,5,18,16.0,0.0,2,1
274,7,6,16.0,0.0,2,3
275,9,5,16.0,0.0,2,1
276,7,13,16.0,0.0,2,3
277,2,13,16.0,0.0,1,1
278,6,16,16.0,0.0,1,3
279,4,5,16.0,0.0,2,1
280,4,6,16.0,0.0,2,2
281,13,10,16.0,0.0,2,1
282,11,16,16.0,0.0,1,1
283,7,3,16.0,0.0,2,1
284,5,13,16.0,0.0,2,3
285,5,9,16.0,0.0,1,1
286,11,15,15.0,0.0,2,3
287,7,3,15.0,0.0,1,2
288,7,15,15.0,0.0,2,1
289,6,4,15.0,0.0,2,2
290,4,11,15.0,0.0,2,3
291,13,11,15.0,0.0,1,1
292,1,12,15.0,0.0,2,1
293,6,7,15.0,0.0,2,2
294,6,7,15.0,0.0,1,3
295,8,5,15.0,0.0,2,2
296,2,11,15.0,0.0,2,1
297,9,16,14.0,0.0,1,1
298,10,7,14.0,0.0,2,3
299,9,3,14.0,0.0,2,3
300,10,5,14.0,0.0,2,2
301,9,17,14.0,0.0,2,1
302,5,3,14.0,0.0,2,1
303,6,4,14.0,0.0,2,1
304,6,14,14.0,0.0,1,2
305,6,8,14.0,0.0,2,2
306,8,6,14.0,0.0,1,2
307,9,13,14.0,0.0,1,3
308,4,10,14.0,0.0,2,2
309,2,12,14.0,0.0,2,2
310,5,7,14.0,0.0,1,1
311,5,14,13.0,0.0,2,2
312,12,15,13.0,0.0,2,2
313,9,6,13.0,0.0,1,3
314,12,15,13.0,0.0,2,3
315,5,14,13.0,0.0,2,3
316,8,15,13.0,0.0,2,2
317,9,17,13.0,0.0,2,2
318,11,12,13.0,0.0,1,2
319,11,15,13.0,0.0,1,2
320,6,15,13.0,0.0,2,1
321,4,11,13.0,0.0,2,1
322,3,11,13.0,0.0,2,2
323,4,17,12.0,0.0,2,1
324,11,13,12.0,0.0,2,2
325,11,17,12.0,0.0,2,2
326,6,3,12.0,0.0,2,1
327,4,12,12.0,0.0,2,1
328,3,13,12.0,0.0,2,2
329,10,7,12.0,0.0,2,1
330,2,7,12.0,0.0,2,1
331,1,13,12.0,0.0,2,2
332,4,7,12.0,0.0,2,3
333,6,7,12.0,0.0,1,2
334,6,13,12.0,0.0,1,3
335,5,11,12.0,0.0,1,1
336,10,16,11.0,0.0,1,1
337,5,8,11.0,0.0,1,3
338,3,4,11.0,0.0,2,2
339,4,14,11.0,0.0,2,2
340,6,8,11.0,0.0,1,1
341,7,14,11.0,0.0,1,2
342,6,11,11.0,0.0,2,3
343,7,3,11.0,0.0,2,2
344,3,8,11.0,0.0,1,1
345,2,13,11.0,0.0,2,3
346,5,7,11.0,0.0,1,3
347,7,16,10.0,0.0,1,2
348,13,15,10.0,0.0,2,1
349,9,5,10.0,0.0,2,2
350,3,16,10.0,0.0,2,2
351,6,16,10.0,0.0,2,1
352,7,3,10.0,0.0,1,1
353,6,18,10.0,0.0,2,2
354,2,14,10.0,0.0,2,2
355,3,11,10.0,0.0,1,2
356,2,8,10.0,0.0,2,1
357,8,16,10.0,0.0,2,3
358,7,16,10.0,0.0,1,3
359,8,4,10.0,0.0,1,3
360,7,6,10.0,0.0,2,1
361,5,13,9.0,0.0,1,3
362,7,11,9.0,0.0,1,2
363,7,15,9.0,0.0,2,2
364,9,13,9.0,0.0,2,3
365,9,15,9.0,0.0,1,1
366,9,5,9.0,0.0,2,3
367,11,16,9.0,0.0,1,3
368,7,12,9.0,0.0,2,3
369,6,15,9.0,0.0,2,2
370,6,8,9.0,0.0,2,3
371,7,7,9.0,0.0,2,1
372,4,12,9.0,0.0,2,3
373,10,15,9.0,0.0,1,2
374,5,11,9.0,0.0,2,3
375,3,18,9.0,0.0,2,1
376,12,16,9.0,0.0,2,2
377,12,9,9.0,0.0,2,1
378,6,19,9.0,0.0,2,1
379,8,16,8.0,0.0,2,2
380,8,14,8.0,0.0,2,2
381,5,6,8.0,0.0,2,2
382,11,18,8.0,0.0,2,1
383,15,13,8.0,0.0,2,2
384,2,11,8.0,0.0,2,2
385,15,13,8.0,0.0,2,1
386,0,12,8.0,0.0,1,1
387,3,7,8.0,0.0,1,1
388,8,16,8.0,0.0,1,2
389,8,6,8.0,0.0,1,1
390,5,5,8.0,0.0,2,1
391,11,17,8.0,0.0,1,1
392,4,4,8.0,0.0,1,1
393,14,12,8.0,0.0,1,1
394,14,13,7.0,0.0,2,2
395,10,14,7.0,0.0,1,2
396,10,17,7.0,0.0,2,1
397,5,14,7.0,0.0,1,1
398,10,18,7.0,0.0,2,2
399,7,3,7.0,0.0,2,3
400,5,14,7.0,0.0,1,3
401,4,12,7.0,0.0,1,1
402,4,13,7.0,0.0,1,1
403,9,14,7.0,0.0,2,2
404,5,8,7.0,0.0,2,3
405,9,5,7.0,0.0,1,1
406,5,8,7.0,0.0,1,1
407,10,15,7.0,0.0,1,1
408,11,12,6.0,0.0,2,3
409,6,3,6.0,0.0,2,2
410,10,18,6.0,0.0,2,1
411,7,5,6.0,0.0,1,2
412,6,19,6.0,0.0,2,2
413,3,3,6.0,0.0,2,2
414,7,4,6.0,0.0,1,3
415,12,15,6.0,0.0,1,1
416,13,11,6.0,0.0,1,2
417,13,12,6.0,0.0,1,1
418,11,14,6.0,0.0,1,2
419,8,8,6.0,0.0,2,3
420,8,16,6.0,0.0,1,3
421,13,16,6.0,0.0,2,2
422,12,10,6.0,0.0,1,1
423,3,9,6.0,0.0,2,1
424,4,5,6.0,0.0,2,2
425,8,12,6.0,0.0,2,3
426,12,10,6.0,0.0,1,3
427,5,16,6.0,0.0,2,2
428,2,11,6.0,0.0,1,2
429,6,10,6.0,0.0,1,2
430,9,16,6.0,0.0,2,2
431,5,12,6.0,0.0,1,1
432,9,17,6.0,0.0,1,1
433,10,16,6.0,0.0,2,3
434,14,16,6.0,0.0,2,1
435,1,6,6.0,0.0,2,1
436,10,15,6.0,0.0,2,3
437,4,7,6.0,0.0,1,2
438,14,11,6.0,0.0,2,1
439,4,12,6.0,0.0,1,2
440,3,10,6.0,0.0,2,1
441,1,17,6.0,0.0,2,2
442,2,8,6.0,0.0,2,2
443,8,15,6.0,0.0,2,1
444,13,12,6.0,0.0,1,3
445,10,9,6.0,0.0,2,3
446,5,4,5.0,0.0,2,1
447,1,12,5.0,0.0,1,1
448,3,7,5.0,0.0,2,2
449,14,11,5.0,0.0,2,2
450,4,10,5.0,0.0,1,1
451,7,4,5.0,0.0,2,3
452,2,10,5.0,0.0,1,3
453,12,15,5.0,0.0,1,2
454,8,15,5.0,0.0,2,3
455,11,18,5.0,0.0,2,2
456,7,6,5.0,0.0,1,2
457,2,2,5.0,0.0,2,1
458,1,11,5.0,0.0,2,1
459,1,4,5.0,0.0,2,1
460,10,17,5.0,0.0,2,2
461,13,13,5.0,0.0,1,1
462,8,5,5.0,0.0,1,2
463,2,4,5.0,0.0,2,1
464,12,12,5.0,0.0,1,3
465,8,5,5.0,0.0,1,1
466,5,6,5.0,0.0,1,2
467,13,10,5.0,0.0,2,2
468,3,6,5.0,0.0,2,1
469,10,16,5.0,0.0,1,2
470,5,11,5.0,0.0,1,2
471,3,8,4.0,0.0,2,3
472,11,17,4.0,0.0,1,2
473,11,9,4.0,0.0,1,1
474,6,3,4.0,0.0,1,1
475,3,13,4.0,0.0,2,3
476,3,12,4.0,0.0,2,3
477,10,17,4.0,0.0,1,1
478,10,17,4.0,0.0,1,2
479,1,6,4.0,0.0,2,2
480,7,8,4.0,0.0,1,2
481,9,16,4.0,0.0,1,2
482,6,6,4.0,0.0,1,1
483,6,5,4.0,0.0,2,2
484,6,3,4.0,0.0,1,2
485,2,11,4.0,0.0,2,3
486,2,7,4.0,0.0,2,2
487,6,2,4.0,0.0,2,1
488,15,12,4.0,0.0,2,2
489,8,16,4.0,0.0,1,1
490,4,14,4.0,0.0,1,2
491,10,5,4.0,0.0,1,1
492,2,13,4.0,0.0,1,3
493,6,3,4.0,0.0,2,3
494,5,10,4.0,0.0,1,1
495,10,5,4.0,0.0,2,3
496,8,10,4.0,0.0,2,3
497,3,13,4.0,0.0,1,1
498,3,12,4.0,0.0,1,1
499,3,11,4.0,0.0,1,1
500,5,6,4.0,0.0,2,3
501,9,14,4.0,0.0,2,1
502,9,15,4.0,0.0,2,3
503,10,18,4.0,0.0,1,3
504,11,12,4.0,0.0,1,3
505,11,15,4.0,0.0,1,3
506,7,16,4.0,0.0,2,3
507,3,3,4.0,0.0,1,1
508,2,12,4.0,0.0,1,1
509,2,11,4.0,0.0,1,1
510,10,14,4.0,0.0,2,3
511,1,2,4.0,0.0,2,1
512,10,17,4.0,0.0,2,3
513,2,7,4.0,0.0,1,1
514,1,14,4.0,0.0,1,1
515,12,9,4.0,0.0,2,3
516,3,13,4.0,0.0,1,2
517,9,18,4.0,0.0,2,1
518,11,14,4.0,0.0,1,1
519,6,14,4.0,0.0,1,3
520,13,13,4.0,0.0,2,1
521,12,19,4.0,0.0,2,1
522,4,6,4.0,0.0,1,2
523,10,7,4.0,0.0,2,2
524,6,16,4.0,0.0,2,3
525,14,18,4.0,0.0,2,1
526,15,12,4.0,0.0,2,1
527,4,14,4.0,0.0,1,1
528,5,10,4.0,0.0,2,3
529,11,17,3.0,0.0,2,3
530,4,4,3.0,0.0,1,3
531,5,15,3.0,0.0,2,2
532,5,17,3.0,0.0,2,1
533,5,14,3.0,0.0,1,2
534,8,14,3.0,0.0,1,1
535,12,11,3.0,0.0,1,3
536,5,16,3.0,0.0,2,1
537,3,14,3.0,0.0,1,3
538,0,3,3.0,0.0,2,1
539,7,4,3.0,0.0,1,2
540,6,17,3.0,0.0,2,1
541,4,11,3.0,0.0,1,2
542,1,3,3.0,0.0,2,1
543,14,12,3.0,0.0,2,3
544,2,2,3.0,0.0,2,2
545,12,12,3.0,0.0,2,3
546,6,16,3.0,0.0,2,2
547,8,14,3.0,0.0,1,2
548,5,3,3.0,0.0,1,2
549,4,7,3.0,0.0,1,1
550,9,17,3.0,0.0,2,3
551,7,14,3.0,0.0,2,3
552,14,18,3.0,0.0,2,2
553,14,12,3.0,0.0,1,2
554,1,10,3.0,0.0,2,3
555,3,8,3.0,0.0,1,2
556,1,12,3.0,0.0,2,3
557,11,4,3.0,0.0,2,1
558,8,17,3.0,0.0,2,3
559,2,13,3.0,0.0,1,2
560,8,15,3.0,0.0,1,3
561,9,8,3.0,6500.0,2,3
562,6,3,3.0,0.0,1,3
563,6,13,3.0,0.0,2,3
564,3,6,3.0,0.0,1,1
565,4,17,3.0,0.0,2,2
566,9,14,3.0,0.0,2,3
567,4,13,3.0,0.0,1,2
568,6,11,3.0,0.0,1,1
569,10,15,3.0,0.0,1,3
570,12,17,3.0,0.0,2,1
571,12,9,3.0,0.0,2,2
572,6,10,3.0,0.0,2,3
573,8,7,3.0,0.0,1,1
574,15,12,2.0,0.0,1,1
575,12,16,2.0,0.0,1,1
576,4,10,2.0,0.0,2,3
577,10,9,2.0,0.0,1,1
578,6,9,2.0,0.0,1,1
579,13,11,2.0,0.0,2,3
580,12,11,2.0,0.0,2,3
581,11,14,2.0,0.0,2,3
582,11,13,2.0,0.0,2,3
583,3,14,2.0,0.0,1,1
584,8,6,2.0,0.0,2,3
585,7,19,2.0,0.0,2,3
586,7,17,2.0,0.0,2,3
587,7,7,2.0,0.0,2,3
588,6,6,2.0,0.0,2,3
589,5,3,2.0,0.0,1,1
590,5,12,2.0,0.0,2,3
591,1,14,2.0,0.0,1,2
592,4,8,2.0,0.0,2,3
593,3,9,2.0,0.0,2,3
594,5,13,2.0,0.0,1,1
595,2,10,2.0,0.0,2,3
596,1,14,2.0,0.0,2,3
597,0,12,2.0,0.0,2,3
598,14,17,2.0,0.0,2,2
599,13,18,2.0,0.0,2,2
600,1,11,2.0,0.0,1,2
601,14,17,2.0,0.0,2,3
602,15,17,2.0,0.0,2,1
603,10,19,2.0,0.0,2,1
604,9,14,2.0,0.0,1,2
605,5,5,2.0,0.0,2,2
606,10,16,2.0,0.0,1,3
607,10,14,2.0,0.0,1,3
608,10,13,2.0,0.0,1,3
609,4,11,2.0,0.0,2,2
610,9,16,2.0,0.0,1,3
611,9,8,2.0,2451.0,1,3
612,4,4,2.0,0.0,2,2
613,8,11,2.0,0.0,1,3
614,8,6,2.0,0.0,1,3
615,3,6,2.0,0.0,2,2
616,16,13,2.0,0.0,1,2
617,0,12,2.0,0.0,1,3
618,1,10,2.0,0.0,2,2
619,15,16,2.0,0.0,1,3
620,7,13,2.0,0.0,1,3
621,7,5,2.0,0.0,1,3
622,7,3,2.0,0.0,1,3
623,1,2,2.0,0.0,2,2
624,6,19,2.0,0.0,1,3
625,6,15,2.0,0.0,1,3
626,11,19,2.0,0.0,2,1
627,15,18,2.0,0.0,2,1
628,6,8,2.0,0.0,1,3
629,6,6,2.0,0.0,1,3
630,8,19,2.0,0.0,2,2
631,5,12,2.0,0.0,1,3
632,5,10,2.0,0.0,1,3
633,4,12,2.0,0.0,1,3
634,9,6,2.0,0.0,1,2
635,4,14,2.0,0.0,1,3
636,7,17,2.0,0.0,1,2
637,8,18,2.0,0.0,2,2
638,6,18,2.0,0.0,1,2
639,5,12,2.0,0.0,1,2
640,7,18,2.0,0.0,1,2
641,4,18,2.0,0.0,2,1
642,5,10,2.0,0.0,1,2
643,2,6,2.0,0.0,2,1
644,5,16,2.0,0.0,1,2
645,3,2,2.0,0.0,2,1
646,6,11,2.0,0.0,1,2
647,2,3,2.0,0.0,1,2
648,4,16,2.0,0.0,2,1
649,2,14,1.0,0.0,1,1
650,2,18,1.0,0.0,2,1
651,1,17,1.0,0.0,1,1
652,2,17,1.0,0.0,2,1
653,4,9,1.0,0.0,1,1
654,7,14,1.0,0.0,1,3
655,6,17,1.0,0.0,1,3
656,7,5,1.0,0.0,2,3
657,3,17,1.0,0.0,2,1
658,4,3,1.0,0.0,2,1
659,7,15,1.0,0.0,1,3
660,12,14,1.0,0.0,2,3
661,4,9,1.0,0.0,2,1
662,6,19,1.0,0.0,2,3
663,6,17,1.0,0.0,2,3
664,5,15,1.0,0.0,1,3
665,13,12,1.0,0.0,2,3
666,4,11,1.0,0.0,1,1
667,6,9,1.0,0.0,2,3
668,5,6,1.0,0.0,1,3
669,8,7,1.0,0.0,2,3
670,2,10,1.0,0.0,2,1
671,4,6,1.0,0.0,1,1
672,11,5,1.0,0.0,2,1
673,16,18,1.0,0.0,1,3
674,8,19,1.0,0.0,2,1
675,11,14,1.0,0.0,1,3
676,11,13,1.0,0.0,1,3
677,9,16,1.0,0.0,2,3
678,10,13,1.0,0.0,2,3
679,0,4,1.0,0.0,2,1
680,1,5,1.0,0.0,2,1
681,8,4,1.0,0.0,2,1
682,10,9,1.0,0.0,1,3
683,3,10,1.0,0.0,1,1
684,4,13,1.0,0.0,1,3
685,1,13,1.0,0.0,2,1
686,2,3,1.0,0.0,2,1
687,8,13,1.0,0.0,1,3
688,8,12,1.0,0.0,1,3
689,4,3,1.0,0.0,1,1
690,9,4,1.0,0.0,2,3
691,2,2,1.0,0.0,1,1
692,8,9,1.0,0.0,1,3
693,4,5,1.0,0.0,1,1
694,8,14,1.0,0.0,2,3
695,8,13,1.0,0.0,2,3
696,12,16,1.0,0.0,1,3
697,2,16,1.0,0.0,2,1
698,10,8,1.0,0.0,1,3
699,9,4,1.0,0.0,2,2
700,6,5,1.0,0.0,2,3
701,11,4,1.0,0.0,2,2
702,9,7,1.0,0.0,1,1
703,9,6,1.0,0.0,1,1
704,6,2,1.0,0.0,2,2
705,5,18,1.0,0.0,2,2
706,8,17,1.0,0.0,1,2
707,9,5,1.0,0.0,1,2
708,9,7,1.0,0.0,1,2
709,11,19,1.0,0.0,2,2
710,7,18,1.0,0.0,1,1
711,7,17,1.0,0.0,1,1
712,12,14,1.0,0.0,2,2
713,5,4,1.0,0.0,2,2
714,5,3,1.0,0.0,2,2
715,12,17,1.0,0.0,2,2
716,4,16,1.0,0.0,2,2
717,9,8,1.0,3726.0,1,1
718,7,15,1.0,0.0,1,2
719,4,11,1.0,0.0,1,3
720,7,7,1.0,0.0,1,2
721,2,2,1.0,0.0,1,2
722,14,16,1.0,0.0,1,1
723,2,6,1.0,0.0,1,2
724,2,14,1.0,0.0,1,2
725,12,19,1.0,0.0,1,1
726,3,14,1.0,0.0,1,2
727,4,8,1.0,0.0,1,2
728,4,10,1.0,0.0,1,2
729,8,4,1.0,0.0,2,2
730,5,9,1.0,0.0,1,2
731,9,18,1.0,0.0,2,2
732,5,13,1.0,0.0,1,2
733,11,13,1.0,0.0,1,1
734,7,7,1.0,0.0,2,2
735,6,16,1.0,0.0,1,2
736,6,5,1.0,0.0,1,1
737,11,18,1.0,0.0,1,2
738,11,19,1.0,0.0,1,2
739,5,16,1.0,0.0,1,1
740,4,4,1.0,0.0,2,3
741,4,6,1.0,0.0,1,3
742,0,3,1.0,0.0,2,2
743,4,9,1.0,0.0,2,3
744,17,17,1.0,0.0,2,1
745,16,15,1.0,0.0,2,1
746,4,13,1.0,0.0,2,3
747,5,6,1.0,0.0,1,1
748,5,5,1.0,0.0,1,1
749,15,14,1.0,0.0,2,1
750,5,9,1.0,0.0,2,3
751,4,8,1.0,0.0,1,3
752,5,4,1.0,0.0,1,1
753,14,17,1.0,0.0,2,1
754,14,13,1.0,0.0,2,1
755,1,4,1.0,0.0,2,2
756,3,11,1.0,0.0,2,3
757,3,10,1.0,0.0,2,3
758,15,18,1.0,0.0,2,2
759,13,15,1.0,0.0,1,2
760,14,16,1.0,0.0,2,2
761,14,11,1.0,0.0,1,2
762,14,13,1.0,0.0,1,2
763,3,10,1.0,0.0,2,2
764,3,9,1.0,0.0,2,2
765,15,19,1.0,0.0,1,2
766,1,11,1.0,0.0,2,2
767,1,13,1.0,0.0,2,3
768,2,6,1.0,0.0,2,3
769,3,8,1.0,0.0,1,3
770,2,4,1.0,0.0,2,2
771,2,12,1.0,0.0,2,3
772,3,13,1.0,0.0,1,3
773,1,10,1.0,0.0,1,1
774,0,0,0.0,322.0,1,1
775,0,1,0.0,1234.0,1,1
776,0,2,0.0,781.0,1,1
777,0,3,0.0,135.0,1,1
778,0,4,0.0,174.0,1,1
779,0,5,0.0,550.0,1,1
780,0,6,0.0,62.0,1,1
781,0,7,0.0,25.0,1,1
782,0,8,0.0,6.0,1,1
783,0,9,0.0,168.0,1,1
784,0,10,0.0,164.0,1,1
785,0,11,0.0,1040.0,1,1
786,0,12,0.0,3132.0,1,1
787,0,13,0.0,1370.0,1,1
788,0,16,0.0,52.0,1,1
789,0,17,0.0,31.0,1,1
790,0,19,0.0,147.0,1,1
791,1,0,0.0,118.0,1,1
792,1,1,0.0,16.0,1,1
793,1,2,0.0,10.0,1,1
794,1,3,0.0,794.0,1,1
795,1,4,0.0,1103.0,1,1
796,1,5,0.0,154.0,1,1
797,1,6,0.0,169.0,1,1
798,1,7,0.0,442.0,1,1
799,1,8,0.0,171.0,1,1
800,1,9,0.0,2194.0,1,1
801,1,10,0.0,2075.0,1,1
802,1,11,0.0,1680.0,1,1
803,1,12,0.0,2913.0,1,1
804,1,13,0.0,251.0,1,1
805,1,14,0.0,283.0,1,1
806,1,15,0.0,92.0,1,1
807,1,16,0.0,54.0,1,1
808,1,17,0.0,145.0,1,1
809,1,18,0.0,457.0,1,1
810,1,19,0.0,164.0,1,1
811,2,0,0.0,1.0,1,1
812,2,1,0.0,210.0,1,1
813,2,2,0.0,562.0,1,1
814,2,3,0.0,1863.0,1,1
815,2,4,0.0,1748.0,1,1
816,2,5,0.0,102.0,1,1
817,2,6,0.0,1846.0,1,1
818,2,7,0.0,3156.0,1,1
819,2,8,0.0,1526.0,1,1
820,2,9,0.0,1243.0,1,1
821,2,10,0.0,1553.0,1,1
822,2,11,0.0,2734.0,1,1
823,2,12,0.0,3003.0,1,1
824,2,13,0.0,3069.0,1,1
825,2,14,0.0,1912.0,1,1
826,2,15,0.0,9.0,1,1
827,2,16,0.0,289.0,1,1
828,2,17,0.0,296.0,1,1
829,2,18,0.0,271.0,1,1
830,2,19,0.0,1391.0,1,1
831,3,0,0.0,351.0,1,1
832,3,1,0.0,1536.0,1,1
833,3,2,0.0,385.0,1,1
834,3,3,0.0,2551.0,1,1
835,3,4,0.0,384.0,1,1
836,3,5,0.0,98.0,1,1
837,3,6,0.0,1731.0,1,1
838,3,7,0.0,3020.0,1,1
839,3,8,0.0,3392.0,1,1
840,3,9,0.0,1588.0,1,1
841,3,10,0.0,1907.0,1,1
842,3,11,0.0,4784.0,1,1
843,3,12,0.0,4066.0,1,1
844,3,13,0.0,4762.0,1,1
845,3,14,0.0,1374.0,1,1
846,3,15,0.0,247.0,1,1
847,3,16,0.0,754.0,1,1
848,3,17,0.0,1635.0,1,1
849,3,18,0.0,228.0,1,1
850,3,19,0.0,992.0,1,1
851,4,0,0.0,1929.0,1,1
852,4,1,0.0,938.0,1,1
853,4,2,0.0,268.0,1,1
854,4,3,0.0,1899.0,1,1
855,4,4,0.0,3637.0,1,1
856,4,5,0.0,563.0,1,1
857,4,6,0.0,3600.0,1,1
858,4,7,0.0,5147.0,1,1
859,4,8,0.0,4531.0,1,1
860,4,9,0.0,2218.0,1,1
861,4,10,0.0,3779.0,1,1
862,4,11,0.0,5720.0,1,1
863,4,12,0.0,5693.0,1,1
864,4,13,0.0,5007.0,1,1
865,4,14,0.0,1427.0,1,1
866,4,15,0.0,461.0,1,1
867,4,16,0.0,1555.0,1,1
868,4,17,0.0,1713.0,1,1
869,4,18,0.0,464.0,1,1
870,4,19,0.0,3151.0,1,1
871,5,0,0.0,2139.0,1,1
872,5,1,0.0,2417.0,1,1
873,5,2,0.0,117.0,1,1
874,5,3,0.0,1137.0,1,1
875,5,4,0.0,5244.0,1,1
876,5,5,0.0,1850.0,1,1
877,5,6,0.0,5379.0,1,1
878,5,7,0.0,4928.0,1,1
879,5,8,0.0,3874.0,1,1
880,5,9,0.0,3888.0,1,1
881,5,10,0.0,4039.0,1,1
882,5,11,0.0,5573.0,1,1
883,5,12,0.0,5209.0,1,1
884,5,13,0.0,5631.0,1,1
885,5,14,0.0,1398.0,1,1
886,5,15,0.0,228.0,1,1
887,5,16,0.0,2509.0,1,1
888,5,17,0.0,1313.0,1,1
889,5,18,0.0,2528.0,1,1
890,5,19,0.0,1243.0,1,1
891,6,0,0.0,2081.0,1,1
892,6,1,0.0,2424.0,1,1
893,6,2,0.0,3291.0,1,1
894,6,3,0.0,2812.0,1,1
895,6,4,0.0,3263.0,1,1
896,6,5,0.0,2140.0,1,1
897,6,6,0.0,3549.0,1,1
898,6,7,0.0,2494.0,1,1
899,6,8,0.0,1065.0,1,1
900,6,9,0.0,5639.0,1,1
901,6,10,0.0,3835.0,1,1
902,6,11,0.0,3556.0,1,1
903,6,12,0.0,4384.0,1,1
904,6,13,0.0,5998.0,1,1
905,6,14,0.0,4023.0,1,1
906,6,15,0.0,2084.0,1,1
907,6,16,0.0,4659.0,1,1
908,6,17,0.0,2073.0,1,1
909,6,18,0.0,2268.0,1,1
910,6,19,0.0,2854.0,1,1
911,7,0,0.0,785.0,1,1
912,7,1,0.0,1725.0,1,1
913,7,2,0.0,3177.0,1,1
914,7,3,0.0,2809.0,1,1
915,7,4,0.0,2553.0,1,1
916,7,5,0.0,555.0,1,1
917,7,6,0.0,1075.0,1,1
918,7,7,0.0,3032.0,1,1
919,7,8,0.0,3035.0,1,1
920,7,9,0.0,8360.0,1,1
921,7,10,0.0,3478.0,1,1
922,7,11,0.0,2531.0,1,1
923,7,12,0.0,5301.0,1,1
924,7,13,0.0,5829.0,1,1
925,7,14,0.0,3429.0,1,1
926,7,15,0.0,1659.0,1,1
927,7,16,0.0,3545.0,1,1
928,7,17,0.0,3271.0,1,1
929,7,18,0.0,1723.0,1,1
930,7,19,0.0,162.0,1,1
931,8,0,0.0,1011.0,1,1
932,8,1,0.0,1112.0,1,1
933,8,2,0.0,1099.0,1,1
934,8,3,0.0,815.0,1,1
935,8,4,0.0,367.0,1,1
936,8,5,0.0,2291.0,1,1
937,8,6,0.0,3761.0,1,1
938,8,7,0.0,3399.0,1,1
939,8,8,0.0,3403.0,1,1
940,8,9,0.0,3237.0,1,1
941,8,10,0.0,5367.0,1,1
942,8,11,0.0,4123.0,1,1
943,8,12,0.0,4507.0,1,1
944,8,13,0.0,3768.0,1,1
945,8,14,0.0,3758.0,1,1
946,8,15,0.0,2808.0,1,1
947,8,16,0.0,5377.0,1,1
948,8,17,0.0,3422.0,1,1
949,8,18,0.0,597.0,1,1
950,8,19,0.0,6.0,1,1
951,9,0,0.0,1353.0,1,1
952,9,1,0.0,560.0,1,1
953,9,2,0.0,127.0,1,1
954,9,3,0.0,1204.0,1,1
955,9,4,0.0,835.0,1,1
956,9,5,0.0,710.0,1,1
957,9,6,0.0,1602.0,1,1
958,9,7,0.0,2486.0,1,1
959,9,10,0.0,3479.0,1,1
960,9,11,0.0,4516.0,1,1
961,9,12,0.0,2974.0,1,1
962,9,13,0.0,2568.0,1,1
963,9,14,0.0,3827.0,1,1
964,9,15,0.0,3546.0,1,1
965,9,16,0.0,6645.0,1,1
966,9,17,0.0,3849.0,1,1
967,9,18,0.0,270.0,1,1
968,9,19,0.0,21.0,1,1
969,10,0,0.0,1286.0,1,1
970,10,1,0.0,1562.0,1,1
971,10,2,0.0,705.0,1,1
972,10,3,0.0,188.0,1,1
973,10,4,0.0,275.0,1,1
974,10,5,0.0,1003.0,1,1
975,10,6,0.0,611.0,1,1
976,10,7,0.0,276.0,1,1
977,10,8,0.0,234.0,1,1
978,10,9,0.0,1640.0,1,1
979,10,10,0.0,3266.0,1,1
980,10,11,0.0,3272.0,1,1
981,10,12,0.0,1812.0,1,1
982,10,13,0.0,2468.0,1,1
983,10,14,0.0,2821.0,1,1
984,10,15,0.0,3023.0,1,1
985,10,16,0.0,1266.0,1,1
986,10,17,0.0,1596.0,1,1
987,10,18,0.0,508.0,1,1
988,10,19,0.0,68.0,1,1
989,11,0,0.0,2377.0,1,1
990,11,1,0.0,623.0,1,1
991,11,2,0.0,300.0,1,1
992,11,3,0.0,107.0,1,1
993,11,4,0.0,337.0,1,1
994,11,5,0.0,469.0,1,1
995,11,6,0.0,325.0,1,1
996,11,7,0.0,157.0,1,1
997,11,8,0.0,351.0,1,1
998,11,9,0.0,1061.0,1,1
999,11,10,0.0,2591.0,1,1
1000,11,11,0.0,4373.0,1,1
1001,11,12,0.0,3229.0,1,1
1002,11,13,0.0,3016.0,1,1
1003,11,14,0.0,4263.0,1,1
1004,11,15,0.0,5273.0,1,1
1005,11,16,0.0,5736.0,1,1
1006,11,17,0.0,3718.0,1,1
1007,11,18,0.0,1936.0,1,1
1008,11,19,0.0,167.0,1,1
1009,12,0,0.0,2118.0,1,1
1010,12,1,0.0,221.0,1,1
1011,12,2,0.0,304.0,1,1
1012,12,3,0.0,10.0,1,1
1013,12,4,0.0,130.0,1,1
1014,12,5,0.0,147.0,1,1
1015,12,6,0.0,22.0,1,1
1016,12,7,0.0,262.0,1,1
1017,12,8,0.0,631.0,1,1
1018,12,9,0.0,753.0,1,1
1019,12,10,0.0,1990.0,1,1
1020,12,11,0.0,3199.0,1,1
1021,12,12,0.0,2608.0,1,1
1022,12,13,0.0,174.0,1,1
1023,12,14,0.0,809.0,1,1
1024,12,15,0.0,5185.0,1,1
1025,12,16,0.0,2443.0,1,1
1026,12,17,0.0,1518.0,1,1
1027,12,18,0.0,711.0,1,1
1028,12,19,0.0,1362.0,1,1
1029,13,0,0.0,725.0,1,1
1030,13,1,0.0,326.0,1,1
1031,13,2,0.0,105.0,1,1
1032,13,3,0.0,44.0,1,1
1033,13,4,0.0,427.0,1,1
1034,13,5,0.0,126.0,1,1
1035,13,6,0.0,77.0,1,1
1036,13,7,0.0,341.0,1,1
1037,13,8,0.0,1068.0,1,1
1038,13,9,0.0,729.0,1,1
1039,13,10,0.0,404.0,1,1
1040,13,11,0.0,2450.0,1,1
1041,13,12,0.0,4191.0,1,1
1042,13,13,0.0,603.0,1,1
1043,13,14,0.0,211.0,1,1
1044,13,15,0.0,2863.0,1,1
1045,13,16,0.0,1151.0,1,1
1046,13,18,0.0,119.0,1,1
1047,13,19,0.0,1429.0,1,1
1048,14,0,0.0,633.0,1,1
1049,14,1,0.0,92.0,1,1
1050,14,2,0.0,139.0,1,1
1051,14,3,0.0,174.0,1,1
1052,14,4,0.0,121.0,1,1
1053,14,5,0.0,145.0,1,1
1054,14,7,0.0,384.0,1,1
1055,14,8,0.0,158.0,1,1
1056,14,9,0.0,479.0,1,1
1057,14,10,0.0,255.0,1,1
1058,14,11,0.0,1965.0,1,1
1059,14,12,0.0,4264.0,1,1
1060,14,13,0.0,621.0,1,1
1061,14,14,0.0,11.0,1,1
1062,14,16,0.0,409.0,1,1
1063,14,17,0.0,951.0,1,1
1064,14,18,0.0,29.0,1,1
1065,14,19,0.0,28.0,1,1
1066,15,0,0.0,24.0,1,1
1067,15,1,0.0,162.0,1,1
1068,15,2,0.0,482.0,1,1
1069,15,3,0.0,493.0,1,1
1070,15,4,0.0,377.0,1,1
1071,15,6,0.0,20.0,1,1
1072,15,7,0.0,435.0,1,1
1073,15,8,0.0,38.0,1,1
1074,15,9,0.0,474.0,1,1
1075,15,10,0.0,68.0,1,1
1076,15,11,0.0,299.0,1,1
1077,15,12,0.0,743.0,1,1
1078,15,13,0.0,1568.0,1,1
1079,15,14,0.0,1089.0,1,1
1080,15,15,0.0,81.0,1,1
1081,15,16,0.0,1685.0,1,1
1082,15,17,0.0,1900.0,1,1
1083,15,18,0.0,324.0,1,1
1084,15,19,0.0,31.0,1,1
1085,16,0,0.0,5.0,1,1
1086,16,1,0.0,76.0,1,1
1087,16,2,0.0,20.0,1,1
1088,16,3,0.0,545.0,1,1
1089,16,4,0.0,689.0,1,1
1090,16,5,0.0,130.0,1,1
1091,16,6,0.0,75.0,1,1
1092,16,7,0.0,7.0,1,1
1093,16,9,0.0,251.0,1,1
1094,16,10,0.0,231.0,1,1
1095,16,11,0.0,116.0,1,1
1096,16,12,0.0,323.0,1,1
1097,16,13,0.0,501.0,1,1
1098,16,14,0.0,105.0,1,1
1099,16,15,0.0,96.0,1,1
1100,16,16,0.0,1345.0,1,1
1101,16,17,0.0,926.0,1,1
1102,16,18,0.0,125.0,1,1
1103,16,19,0.0,284.0,1,1
1104,17,0,0.0,14.0,1,1
1105,17,1,0.0,39.0,1,1
1106,17,2,0.0,148.0,1,1
1107,17,3,0.0,1055.0,1,1
1108,17,4,0.0,457.0,1,1
1109,17,5,0.0,209.0,1,1
1110,17,6,0.0,66.0,1,1
1111,17,8,0.0,42.0,1,1
1112,17,9,0.0,430.0,1,1
1113,17,10,0.0,159.0,1,1
1114,17,11,0.0,146.0,1,1
1115,17,12,0.0,147.0,1,1
1116,17,13,0.0,21.0,1,1
1117,17,14,0.0,7.0,1,1
1118,17,15,0.0,828.0,1,1
1119,17,16,0.0,875.0,1,1
1120,17,17,0.0,2207.0,1,1
1121,17,18,0.0,1389.0,1,1
1122,17,19,0.0,71.0,1,1
1123,18,0,0.0,23.0,1,1
1124,18,1,0.0,51.0,1,1
1125,18,2,0.0,134.0,1,1
1126,18,3,0.0,729.0,1,1
1127,18,4,0.0,365.0,1,1
1128,18,5,0.0,93.0,1,1
1129,18,6,0.0,2.0,1,1
1130,18,8,0.0,462.0,1,1
1131,18,9,0.0,97.0,1,1
1132,18,10,0.0,24.0,1,1
1133,18,11,0.0,20.0,1,1
1134,18,12,0.0,3.0,1,1
1135,18,15,0.0,236.0,1,1
1136,18,16,0.0,576.0,1,1
1137,18,17,0.0,1797.0,1,1
1138,18,18,0.0,1171.0,1,1
1139,18,19,0.0,120.0,1,1
1140,19,0,0.0,72.0,1,1
1141,19,1,0.0,201.0,1,1
1142,19,2,0.0,135.0,1,1
1143,19,3,0.0,97.0,1,1
1144,19,4,0.0,71.0,1,1
1145,19,5,0.0,75.0,1,1
1146,19,6,0.0,14.0,1,1
1147,19,7,0.0,295.0,1,1
1148,19,8,0.0,81.0,1,1
1149,19,10,0.0,20.0,1,1
1150,19,13,0.0,393.0,1,1
1151,19,15,0.0,56.0,1,1
1152,19,16,0.0,628.0,1,1
1153,19,17,0.0,732.0,1,1
1154,19,18,0.0,183.0,1,1
1155,19,19,0.0,45.0,1,1
1156,0,0,0.0,186.0,1,2
1157,0,1,0.0,670.0,1,2
1158,0,2,0.0,417.0,1,2
1159,0,3,0.0,73.0,1,2
1160,0,4,0.0,57.0,1,2
1161,0,5,0.0,340.0,1,2
1162,0,6,0.0,6.0,1,2
1163,0,7,0.0,33.0,1,2
1164,0,8,0.0,2.0,1,2
1165,0,9,0.0,78.0,1,2
1166,0,10,0.0,43.0,1,2
1167,0,11,0.0,584.0,1,2
1168,0,12,0.0,1766.0,1,2
1169,0,13,0.0,762.0,1,2
1170,0,14,0.0,2.0,1,2
1171,0,16,0.0,15.0,1,2
1172,0,17,0.0,9.0,1,2
1173,0,19,0.0,102.0,1,2
1174,1,0,0.0,91.0,1,2
1175,1,1,0.0,7.0,1,2
1176,1,2,0.0,7.0,1,2
1177,1,3,0.0,413.0,1,2
1178,1,4,0.0,532.0,1,2
1179,1,5,0.0,92.0,1,2
1180,1,6,0.0,122.0,1,2
1181,1,7,0.0,231.0,1,2
1182,1,8,0.0,121.0,1,2
1183,1,9,0.0,1605.0,1,2
1184,1,10,0.0,1369.0,1,2
1185,1,11,0.0,933.0,1,2
1186,1,12,0.0,1568.0,1,2
1187,1,13,0.0,96.0,1,2
1188,1,14,0.0,192.0,1,2
1189,1,15,0.0,34.0,1,2
1190,1,16,0.0,10.0,1,2
1191,1,17,0.0,52.0,1,2
1192,1,18,0.0,297.0,1,2
1193,1,19,0.0,70.0,1,2
1194,2,1,0.0,121.0,1,2
1195,2,2,0.0,253.0,1,2
1196,2,3,0.0,1031.0,1,2
1197,2,4,0.0,961.0,1,2
1198,2,5,0.0,35.0,1,2
1199,2,6,0.0,997.0,1,2
1200,2,7,0.0,1824.0,1,2
1201,2,8,0.0,935.0,1,2
1202,2,9,0.0,629.0,1,2
1203,2,10,0.0,869.0,1,2
1204,2,11,0.0,1608.0,1,2
1205,2,12,0.0,1701.0,1,2
1206,2,13,0.0,1691.0,1,2
1207,2,14,0.0,1086.0,1,2
1208,2,15,0.0,3.0,1,2
1209,2,16,0.0,115.0,1,2
1210,2,17,0.0,150.0,1,2
1211,2,18,0.0,136.0,1,2
1212,2,19,0.0,804.0,1,2
1213,3,0,0.0,187.0,1,2
1214,3,1,0.0,736.0,1,2
1215,3,2,0.0,166.0,1,2
1216,3,3,0.0,1455.0,1,2
1217,3,4,0.0,207.0,1,2
1218,3,5,0.0,18.0,1,2
1219,3,6,0.0,1104.0,1,2
1220,3,7,0.0,1678.0,1,2
1221,3,8,0.0,1985.0,1,2
1222,3,9,0.0,968.0,1,2
1223,3,10,0.0,1036.0,1,2
1224,3,11,0.0,2768.0,1,2
1225,3,12,0.0,2287.0,1,2
1226,3,13,0.0,2716.0,1,2
1227,3,14,0.0,701.0,1,2
1228,3,15,0.0,136.0,1,2
1229,3,16,0.0,509.0,1,2
1230,3,17,0.0,931.0,1,2
1231,3,18,0.0,76.0,1,2
1232,3,19,0.0,557.0,1,2
1233,4,0,0.0,1119.0,1,2
1234,4,1,0.0,539.0,1,2
1235,4,2,0.0,175.0,1,2
1236,4,3,0.0,1005.0,1,2
1237,4,4,0.0,2028.0,1,2
1238,4,5,0.0,206.0,1,2
1239,4,6,0.0,1969.0,1,2
1240,4,7,0.0,2816.0,1,2
1241,4,8,0.0,2365.0,1,2
1242,4,9,0.0,1194.0,1,2
1243,4,10,0.0,2162.0,1,2
1244,4,11,0.0,3094.0,1,2
1245,4,12,0.0,3134.0,1,2
1246,4,13,0.0,2839.0,1,2
1247,4,14,0.0,823.0,1,2
1248,4,15,0.0,300.0,1,2
1249,4,16,0.0,791.0,1,2
1250,4,17,0.0,972.0,1,2
1251,4,18,0.0,273.0,1,2
1252,4,19,0.0,1516.0,1,2
1253,5,0,0.0,1070.0,1,2
1254,5,1,0.0,1251.0,1,2
1255,5,2,0.0,84.0,1,2
1256,5,3,0.0,586.0,1,2
1257,5,4,0.0,2866.0,1,2
1258,5,5,0.0,924.0,1,2
1259,5,6,0.0,2983.0,1,2
1260,5,7,0.0,2735.0,1,2
1261,5,8,0.0,2287.0,1,2
1262,5,9,0.0,2161.0,1,2
1263,5,10,0.0,2244.0,1,2
1264,5,11,0.0,3096.0,1,2
1265,5,12,0.0,2833.0,1,2
1266,5,13,0.0,3121.0,1,2
1267,5,14,0.0,912.0,1,2
1268,5,15,0.0,127.0,1,2
1269,5,16,0.0,1325.0,1,2
1270,5,17,0.0,714.0,1,2
1271,5,18,0.0,1564.0,1,2
1272,5,19,0.0,719.0,1,2
1273,6,0,0.0,1205.0,1,2
1274,6,1,0.0,1428.0,1,2
1275,6,2,0.0,1795.0,1,2
1276,6,3,0.0,1388.0,1,2
1277,6,4,0.0,1790.0,1,2
1278,6,5,0.0,1188.0,1,2
1279,6,6,0.0,2075.0,1,2
1280,6,7,0.0,1347.0,1,2
1281,6,8,0.0,675.0,1,2
1282,6,9,0.0,3127.0,1,2
1283,6,10,0.0,2158.0,1,2
1284,6,11,0.0,1967.0,1,2
1285,6,12,0.0,2333.0,1,2
1286,6,13,0.0,3438.0,1,2
1287,6,14,0.0,2107.0,1,2
1288,6,15,0.0,1215.0,1,2
1289,6,16,0.0,2532.0,1,2
1290,6,17,0.0,1145.0,1,2
1291,6,18,0.0,1135.0,1,2
1292,6,19,0.0,1532.0,1,2
1293,7,0,0.0,497.0,1,2
1294,7,1,0.0,1003.0,1,2
1295,7,2,0.0,1590.0,1,2
1296,7,3,0.0,1557.0,1,2
1297,7,4,0.0,1474.0,1,2
1298,7,5,0.0,377.0,1,2
1299,7,6,0.0,683.0,1,2
1300,7,7,0.0,1694.0,1,2
1301,7,8,0.0,1751.0,1,2
1302,7,9,0.0,4543.0,1,2
1303,7,10,0.0,1876.0,1,2
1304,7,11,0.0,1348.0,1,2
1305,7,12,0.0,2907.0,1,2
1306,7,13,0.0,3285.0,1,2
1307,7,14,0.0,1849.0,1,2
1308,7,15,0.0,920.0,1,2
1309,7,16,0.0,2134.0,1,2
1310,7,17,0.0,1883.0,1,2
1311,7,18,0.0,1015.0,1,2
1312,7,19,0.0,134.0,1,2
1313,8,0,0.0,543.0,1,2
1314,8,1,0.0,754.0,1,2
1315,8,2,0.0,610.0,1,2
1316,8,3,0.0,343.0,1,2
1317,8,4,0.0,268.0,1,2
1318,8,5,0.0,1331.0,1,2
1319,8,6,0.0,2156.0,1,2
1320,8,7,0.0,1890.0,1,2
1321,8,8,0.0,1984.0,1,2
1322,8,9,0.0,1859.0,1,2
1323,8,10,0.0,3157.0,1,2
1324,8,11,0.0,2812.0,1,2
1325,8,12,0.0,2799.0,1,2
1326,8,13,0.0,2163.0,1,2
1327,8,14,0.0,2330.0,1,2
1328,8,15,0.0,1594.0,1,2
1329,8,16,0.0,3132.0,1,2
1330,8,17,0.0,1836.0,1,2
1331,8,18,0.0,214.0,1,2
1332,9,0,0.0,798.0,1,2
1333,9,1,0.0,356.0,1,2
1334,9,2,0.0,63.0,1,2
1335,9,3,0.0,803.0,1,2
1336,9,4,0.0,441.0,1,2
1337,9,5,0.0,463.0,1,2
1338,9,6,0.0,888.0,1,2
1339,9,7,0.0,1416.0,1,2
1340,9,10,0.0,2470.0,1,2
1341,9,11,0.0,2826.0,1,2
1342,9,12,0.0,1947.0,1,2
1343,9,13,0.0,1601.0,1,2
1344,9,14,0.0,2048.0,1,2
1345,9,15,0.0,1892.0,1,2
1346,9,16,0.0,3601.0,1,2
1347,9,17,0.0,2166.0,1,2
1348,9,18,0.0,171.0,1,2
1349,10,0,0.0,687.0,1,2
1350,10,1,0.0,830.0,1,2
1351,10,2,0.0,369.0,1,2
1352,10,3,0.0,95.0,1,2
1353,10,4,0.0,156.0,1,2
1354,10,5,0.0,560.0,1,2
1355,10,6,0.0,400.0,1,2
1356,10,7,0.0,159.0,1,2
1357,10,8,0.0,150.0,1,2
1358,10,9,0.0,1009.0,1,2
1359,10,10,0.0,2223.0,1,2
1360,10,11,0.0,2061.0,1,2
1361,10,12,0.0,1192.0,1,2
1362,10,13,0.0,1173.0,1,2
1363,10,14,0.0,1671.0,1,2
1364,10,15,0.0,1855.0,1,2
1365,10,16,0.0,717.0,1,2
1366,10,17,0.0,810.0,1,2
1367,10,18,0.0,212.0,1,2
1368,10,19,0.0,34.0,1,2
1369,11,0,0.0,1388.0,1,2
1370,11,1,0.0,329.0,1,2
1371,11,2,0.0,164.0,1,2
1372,11,3,0.0,67.0,1,2
1373,11,4,0.0,215.0,1,2
1374,11,5,0.0,268.0,1,2
1375,11,6,0.0,176.0,1,2
1376,11,7,0.0,127.0,1,2
1377,11,8,0.0,217.0,1,2
1378,11,9,0.0,734.0,1,2
1379,11,10,0.0,1754.0,1,2
1380,11,11,0.0,2911.0,1,2
1381,11,12,0.0,2104.0,1,2
1382,11,13,0.0,1891.0,1,2
1383,11,14,0.0,2369.0,1,2
1384,11,15,0.0,2964.0,1,2
1385,11,16,0.0,3292.0,1,2
1386,11,17,0.0,1857.0,1,2
1387,11,18,0.0,1022.0,1,2
1388,11,19,0.0,85.0,1,2
1389,12,0,0.0,1161.0,1,2
1390,12,1,0.0,150.0,1,2
1391,12,2,0.0,169.0,1,2
1392,12,4,0.0,65.0,1,2
1393,12,5,0.0,87.0,1,2
1394,12,6,0.0,24.0,1,2
1395,12,7,0.0,131.0,1,2
1396,12,8,0.0,377.0,1,2
1397,12,9,0.0,479.0,1,2
1398,12,10,0.0,1154.0,1,2
1399,12,11,0.0,1820.0,1,2
1400,12,12,0.0,1456.0,1,2
1401,12,13,0.0,6.0,1,2
1402,12,14,0.0,522.0,1,2
1403,12,15,0.0,2891.0,1,2
1404,12,16,0.0,1387.0,1,2
1405,12,17,0.0,734.0,1,2
1406,12,18,0.0,406.0,1,2
1407,12,19,0.0,783.0,1,2
1408,13,0,0.0,388.0,1,2
1409,13,1,0.0,192.0,1,2
1410,13,2,0.0,70.0,1,2
1411,13,3,0.0,27.0,1,2
1412,13,4,0.0,259.0,1,2
1413,13,5,0.0,73.0,1,2
1414,13,6,0.0,30.0,1,2
1415,13,7,0.0,194.0,1,2
1416,13,8,0.0,539.0,1,2
1417,13,9,0.0,410.0,1,2
1418,13,10,0.0,295.0,1,2
1419,13,11,0.0,1471.0,1,2
1420,13,12,0.0,2274.0,1,2
1421,13,13,0.0,276.0,1,2
1422,13,14,0.0,28.0,1,2
1423,13,15,0.0,1489.0,1,2
1424,13,16,0.0,579.0,1,2
1425,13,18,0.0,24.0,1,2
1426,13,19,0.0,864.0,1,2
1427,14,0,0.0,408.0,1,2
1428,14,1,0.0,66.0,1,2
1429,14,2,0.0,68.0,1,2
1430,14,3,0.0,117.0,1,2
1431,14,4,0.0,64.0,1,2
1432,14,5,0.0,146.0,1,2
1433,14,7,0.0,250.0,1,2
1434,14,8,0.0,84.0,1,2
1435,14,9,0.0,274.0,1,2
1436,14,10,0.0,169.0,1,2
1437,14,11,0.0,1106.0,1,2
1438,14,12,0.0,2484.0,1,2
1439,14,13,0.0,376.0,1,2
1440,14,14,0.0,10.0,1,2
1441,14,15,0.0,2.0,1,2
1442,14,16,0.0,223.0,1,2
1443,14,17,0.0,404.0,1,2
1444,14,18,0.0,9.0,1,2
1445,14,19,0.0,7.0,1,2
1446,15,0,0.0,2.0,1,2
1447,15,1,0.0,87.0,1,2
1448,15,2,0.0,278.0,1,2
1449,15,3,0.0,279.0,1,2
1450,15,4,0.0,218.0,1,2
1451,15,6,0.0,17.0,1,2
1452,15,7,0.0,225.0,1,2
1453,15,8,0.0,15.0,1,2
1454,15,9,0.0,231.0,1,2
1455,15,10,0.0,51.0,1,2
1456,15,11,0.0,162.0,1,2
1457,15,12,0.0,487.0,1,2
1458,15,13,0.0,862.0,1,2
1459,15,14,0.0,713.0,1,2
1460,15,15,0.0,60.0,1,2
1461,15,16,0.0,945.0,1,2
1462,15,17,0.0,1087.0,1,2
1463,15,18,0.0,180.0,1,2
1464,15,19,0.0,5.0,1,2
1465,16,1,0.0,35.0,1,2
1466,16,2,0.0,16.0,1,2
1467,16,3,0.0,334.0,1,2
1468,16,4,0.0,390.0,1,2
1469,16,5,0.0,78.0,1,2
1470,16,6,0.0,49.0,1,2
1471,16,7,0.0,7.0,1,2
1472,16,9,0.0,123.0,1,2
1473,16,10,0.0,149.0,1,2
1474,16,11,0.0,73.0,1,2
1475,16,12,0.0,165.0,1,2
1476,16,13,0.0,253.0,1,2
1477,16,14,0.0,78.0,1,2
1478,16,15,0.0,70.0,1,2
1479,16,16,0.0,760.0,1,2
1480,16,17,0.0,433.0,1,2
1481,16,18,0.0,53.0,1,2
1482,16,19,0.0,95.0,1,2
1483,17,0,0.0,2.0,1,2
1484,17,1,0.0,9.0,1,2
1485,17,2,0.0,79.0,1,2
1486,17,3,0.0,626.0,1,2
1487,17,4,0.0,265.0,1,2
1488,17,5,0.0,111.0,1,2
1489,17,6,0.0,43.0,1,2
1490,17,8,0.0,35.0,1,2
1491,17,9,0.0,211.0,1,2
1492,17,10,0.0,98.0,1,2
1493,17,11,0.0,63.0,1,2
1494,17,12,0.0,92.0,1,2
1495,17,13,0.0,2.0,1,2
1496,17,15,0.0,470.0,1,2
1497,17,16,0.0,494.0,1,2
1498,17,17,0.0,1262.0,1,2
1499,17,18,0.0,618.0,1,2
1500,17,19,0.0,18.0,1,2
1501,18,0,0.0,44.0,1,2
1502,18,1,0.0,32.0,1,2
1503,18,2,0.0,76.0,1,2
1504,18,3,0.0,465.0,1,2
1505,18,4,0.0,207.0,1,2
1506,18,5,0.0,58.0,1,2
1507,18,8,0.0,236.0,1,2
1508,18,9,0.0,57.0,1,2
1509,18,10,0.0,3.0,1,2
1510,18,11,0.0,8.0,1,2
1511,18,12,0.0,4.0,1,2
1512,18,15,0.0,145.0,1,2
1513,18,16,0.0,299.0,1,2
1514,18,17,0.0,1075.0,1,2
1515,18,18,0.0,627.0,1,2
1516,18,19,0.0,62.0,1,2
1517,19,0,0.0,51.0,1,2
1518,19,1,0.0,109.0,1,2
1519,19,2,0.0,73.0,1,2
1520,19,3,0.0,106.0,1,2
1521,19,4,0.0,32.0,1,2
1522,19,5,0.0,43.0,1,2
1523,19,6,0.0,14.0,1,2
1524,19,7,0.0,221.0,1,2
1525,19,8,0.0,46.0,1,2
1526,19,9,0.0,5.0,1,2
1527,19,10,0.0,13.0,1,2
1528,19,12,0.0,3.0,1,2
1529,19,13,0.0,295.0,1,2
1530,19,15,0.0,23.0,1,2
1531,19,16,0.0,378.0,1,2
1532,19,17,0.0,470.0,1,2
1533,19,18,0.0,91.0,1,2
1534,19,19,0.0,29.0,1,2
1535,0,0,0.0,156.0,1,3
1536,0,1,0.0,763.0,1,3
1537,0,2,0.0,482.0,1,3
1538,0,3,0.0,97.0,1,3
1539,0,4,0.0,88.0,1,3
1540,0,5,0.0,403.0,1,3
1541,0,6,0.0,1.0,1,3
1542,0,7,0.0,16.0,1,3
1543,0,8,0.0,9.0,1,3
1544,0,9,0.0,141.0,1,3
1545,0,10,0.0,40.0,1,3
1546,0,11,0.0,680.0,1,3
1547,0,12,0.0,1931.0,1,3
1548,0,13,0.0,884.0,1,3
1549,0,14,0.0,3.0,1,3
1550,0,16,0.0,15.0,1,3
1551,0,17,0.0,42.0,1,3
1552,0,19,0.0,62.0,1,3
1553,1,0,0.0,42.0,1,3
1554,1,1,0.0,13.0,1,3
1555,1,3,0.0,386.0,1,3
1556,1,4,0.0,728.0,1,3
1557,1,5,0.0,67.0,1,3
1558,1,6,0.0,106.0,1,3
1559,1,7,0.0,270.0,1,3
1560,1,8,0.0,148.0,1,3
1561,1,9,0.0,168.0,1,3
1562,1,10,0.0,338.0,1,3
1563,1,11,0.0,1103.0,1,3
1564,1,12,0.0,1805.0,1,3
1565,1,13,0.0,62.0,1,3
1566,1,14,0.0,169.0,1,3
1567,1,15,0.0,21.0,1,3
1568,1,16,0.0,8.0,1,3
1569,1,17,0.0,57.0,1,3
1570,1,18,0.0,331.0,1,3
1571,1,19,0.0,119.0,1,3
1572,2,1,0.0,63.0,1,3
1573,2,2,0.0,108.0,1,3
1574,2,3,0.0,1131.0,1,3
1575,2,4,0.0,1186.0,1,3
1576,2,5,0.0,14.0,1,3
1577,2,6,0.0,1202.0,1,3
1578,2,7,0.0,2062.0,1,3
1579,2,8,0.0,1060.0,1,3
1580,2,9,0.0,494.0,1,3
1581,2,10,0.0,949.0,1,3
1582,2,11,0.0,1738.0,1,3
1583,2,12,0.0,1851.0,1,3
1584,2,13,0.0,2036.0,1,3
1585,2,14,0.0,1324.0,1,3
1586,2,15,0.0,4.0,1,3
1587,2,16,0.0,85.0,1,3
1588,2,17,0.0,160.0,1,3
1589,2,18,0.0,204.0,1,3
1590,2,19,0.0,896.0,1,3
1591,3,0,0.0,226.0,1,3
1592,3,1,0.0,841.0,1,3
1593,3,2,0.0,160.0,1,3
1594,3,3,0.0,1517.0,1,3
1595,3,4,0.0,246.0,1,3
1596,3,5,0.0,35.0,1,3
1597,3,6,0.0,1019.0,1,3
1598,3,7,0.0,1936.0,1,3
1599,3,8,0.0,2435.0,1,3
1600,3,9,0.0,993.0,1,3
1601,3,10,0.0,1219.0,1,3
1602,3,11,0.0,2793.0,1,3
1603,3,12,0.0,2683.0,1,3
1604,3,13,0.0,3116.0,1,3
1605,3,14,0.0,747.0,1,3
1606,3,15,0.0,171.0,1,3
1607,3,16,0.0,531.0,1,3
1608,3,17,0.0,1025.0,1,3
1609,3,18,0.0,92.0,1,3
1610,3,19,0.0,657.0,1,3
1611,4,0,0.0,1276.0,1,3
1612,4,1,0.0,546.0,1,3
1613,4,2,0.0,193.0,1,3
1614,4,3,0.0,1240.0,1,3
1615,4,4,0.0,2322.0,1,3
1616,4,5,0.0,255.0,1,3
1617,4,6,0.0,2396.0,1,3
1618,4,7,0.0,3342.0,1,3
1619,4,8,0.0,2816.0,1,3
1620,4,9,0.0,1324.0,1,3
1621,4,10,0.0,2416.0,1,3
1622,4,11,0.0,3698.0,1,3
1623,4,12,0.0,3707.0,1,3
1624,4,13,0.0,3244.0,1,3
1625,4,14,0.0,950.0,1,3
1626,4,15,0.0,222.0,1,3
1627,4,16,0.0,811.0,1,3
1628,4,17,0.0,1195.0,1,3
1629,4,18,0.0,323.0,1,3
1630,4,19,0.0,1653.0,1,3
1631,5,0,0.0,1259.0,1,3
1632,5,1,0.0,1437.0,1,3
1633,5,2,0.0,59.0,1,3
1634,5,3,0.0,660.0,1,3
1635,5,4,0.0,3311.0,1,3
1636,5,5,0.0,1025.0,1,3
1637,5,6,0.0,3343.0,1,3
1638,5,7,0.0,3287.0,1,3
1639,5,8,0.0,2514.0,1,3
1640,5,9,0.0,2633.0,1,3
1641,5,10,0.0,2532.0,1,3
1642,5,11,0.0,3477.0,1,3
1643,5,12,0.0,3255.0,1,3
1644,5,13,0.0,3676.0,1,3
1645,5,14,0.0,845.0,1,3
1646,5,15,0.0,89.0,1,3
1647,5,16,0.0,1407.0,1,3
1648,5,17,0.0,658.0,1,3
1649,5,18,0.0,626.0,1,3
1650,5,19,0.0,480.0,1,3
1651,6,0,0.0,1442.0,1,3
1652,6,1,0.0,1558.0,1,3
1653,6,2,0.0,1974.0,1,3
1654,6,3,0.0,1660.0,1,3
1655,6,4,0.0,1736.0,1,3
1656,6,5,0.0,1217.0,1,3
1657,6,6,0.0,2123.0,1,3
1658,6,7,0.0,1527.0,1,3
1659,6,8,0.0,661.0,1,3
1660,6,9,0.0,3615.0,1,3
1661,6,10,0.0,2531.0,1,3
1662,6,11,0.0,2386.0,1,3
1663,6,12,0.0,2723.0,1,3
1664,6,13,0.0,3982.0,1,3
1665,6,14,0.0,2454.0,1,3
1666,6,15,0.0,1274.0,1,3
1667,6,16,0.0,3082.0,1,3
1668,6,17,0.0,1367.0,1,3
1669,6,18,0.0,1387.0,1,3
1670,6,19,0.0,1819.0,1,3
1671,7,0,0.0,635.0,1,3
1672,7,1,0.0,1162.0,1,3
1673,7,2,0.0,1994.0,1,3
1674,7,3,0.0,1799.0,1,3
1675,7,4,0.0,1713.0,1,3
1676,7,5,0.0,257.0,1,3
1677,7,6,0.0,268.0,1,3
1678,7,7,0.0,2098.0,1,3
1679,7,8,0.0,1946.0,1,3
1680,7,9,0.0,5404.0,1,3
1681,7,10,0.0,1837.0,1,3
1682,7,11,0.0,1479.0,1,3
1683,7,12,0.0,3349.0,1,3
1684,7,13,0.0,3881.0,1,3
1685,7,14,0.0,2155.0,1,3
1686,7,15,0.0,863.0,1,3
1687,7,16,0.0,2438.0,1,3
1688,7,17,0.0,2163.0,1,3
1689,7,18,0.0,1086.0,1,3
1690,7,19,0.0,128.0,1,3
1691,8,0,0.0,615.0,1,3
1692,8,1,0.0,677.0,1,3
1693,8,2,0.0,648.0,1,3
1694,8,3,0.0,390.0,1,3
1695,8,4,0.0,82.0,1,3
1696,8,5,0.0,1396.0,1,3
1697,8,6,0.0,1913.0,1,3
1698,8,7,0.0,1835.0,1,3
1699,8,8,0.0,2144.0,1,3
1700,8,9,0.0,2002.0,1,3
1701,8,10,0.0,3523.0,1,3
1702,8,11,0.0,2393.0,1,3
1703,8,12,0.0,2737.0,1,3
1704,8,13,0.0,2582.0,1,3
1705,8,14,0.0,2266.0,1,3
1706,8,15,0.0,1568.0,1,3
1707,8,16,0.0,3529.0,1,3
1708,8,17,0.0,2127.0,1,3
1709,8,18,0.0,173.0,1,3
1710,8,19,0.0,4.0,1,3
1711,9,0,0.0,765.0,1,3
1712,9,1,0.0,363.0,1,3
1713,9,2,0.0,13.0,1,3
1714,9,3,0.0,842.0,1,3
1715,9,4,0.0,472.0,1,3
1716,9,5,0.0,664.0,1,3
1717,9,6,0.0,1149.0,1,3
1718,9,7,0.0,1285.0,1,3
1719,9,10,0.0,2029.0,1,3
1720,9,11,0.0,2489.0,1,3
1721,9,12,0.0,1848.0,1,3
1722,9,13,0.0,1416.0,1,3
1723,9,14,0.0,2390.0,1,3
1724,9,15,0.0,2161.0,1,3
1725,9,16,0.0,4397.0,1,3
1726,9,17,0.0,2532.0,1,3
1727,9,18,0.0,201.0,1,3
1728,10,0,0.0,753.0,1,3
1729,10,1,0.0,881.0,1,3
1730,10,2,0.0,459.0,1,3
1731,10,3,0.0,123.0,1,3
1732,10,4,0.0,189.0,1,3
1733,10,5,0.0,708.0,1,3
1734,10,6,0.0,468.0,1,3
1735,10,7,0.0,194.0,1,3
1736,10,8,0.0,140.0,1,3
1737,10,9,0.0,1124.0,1,3
1738,10,10,0.0,2140.0,1,3
1739,10,11,0.0,2048.0,1,3
1740,10,12,0.0,1024.0,1,3
1741,10,13,0.0,1201.0,1,3
1742,10,14,0.0,1760.0,1,3
1743,10,15,0.0,1986.0,1,3
1744,10,16,0.0,829.0,1,3
1745,10,17,0.0,1081.0,1,3
1746,10,18,0.0,193.0,1,3
1747,10,19,0.0,31.0,1,3
1748,11,0,0.0,1211.0,1,3
1749,11,1,0.0,338.0,1,3
1750,11,2,0.0,164.0,1,3
1751,11,3,0.0,68.0,1,3
1752,11,4,0.0,222.0,1,3
1753,11,5,0.0,353.0,1,3
1754,11,6,0.0,210.0,1,3
1755,11,7,0.0,125.0,1,3
1756,11,8,0.0,237.0,1,3
1757,11,9,0.0,681.0,1,3
1758,11,10,0.0,1768.0,1,3
1759,11,11,0.0,3458.0,1,3
1760,11,12,0.0,2222.0,1,3
1761,11,13,0.0,1975.0,1,3
1762,11,14,0.0,2729.0,1,3
1763,11,15,0.0,3486.0,1,3
1764,11,16,0.0,3532.0,1,3
1765,11,17,0.0,2262.0,1,3
1766,11,18,0.0,1218.0,1,3
1767,11,19,0.0,97.0,1,3
1768,12,0,0.0,1353.0,1,3
1769,12,1,0.0,136.0,1,3
1770,12,2,0.0,195.0,1,3
1771,12,3,0.0,5.0,1,3
1772,12,4,0.0,70.0,1,3
1773,12,5,0.0,99.0,1,3
1774,12,6,0.0,22.0,1,3
1775,12,7,0.0,165.0,1,3
1776,12,8,0.0,409.0,1,3
1777,12,9,0.0,533.0,1,3
1778,12,10,0.0,1432.0,1,3
1779,12,11,0.0,2137.0,1,3
1780,12,12,0.0,1555.0,1,3
1781,12,13,0.0,2.0,1,3
1782,12,14,0.0,586.0,1,3
1783,12,15,0.0,3435.0,1,3
1784,12,16,0.0,1512.0,1,3
1785,12,17,0.0,770.0,1,3
1786,12,18,0.0,399.0,1,3
1787,12,19,0.0,867.0,1,3
1788,13,0,0.0,442.0,1,3
1789,13,1,0.0,209.0,1,3
1790,13,2,0.0,61.0,1,3
1791,13,3,0.0,21.0,1,3
1792,13,4,0.0,267.0,1,3
1793,13,5,0.0,84.0,1,3
1794,13,6,0.0,14.0,1,3
1795,13,7,0.0,213.0,1,3
1796,13,8,0.0,746.0,1,3
1797,13,9,0.0,539.0,1,3
1798,13,10,0.0,345.0,1,3
1799,13,11,0.0,1549.0,1,3
1800,13,12,0.0,2703.0,1,3
1801,13,13,0.0,82.0,1,3
1802,13,14,0.0,5.0,1,3
1803,13,15,0.0,1783.0,1,3
1804,13,16,0.0,594.0,1,3
1805,13,18,0.0,27.0,1,3
1806,13,19,0.0,101.0,1,3
1807,14,0,0.0,424.0,1,3
1808,14,1,0.0,55.0,1,3
1809,14,2,0.0,82.0,1,3
1810,14,3,0.0,140.0,1,3
1811,14,4,0.0,69.0,1,3
1812,14,5,0.0,88.0,1,3
1813,14,7,0.0,286.0,1,3
1814,14,8,0.0,106.0,1,3
1815,14,9,0.0,309.0,1,3
1816,14,10,0.0,167.0,1,3
1817,14,11,0.0,1359.0,1,3
1818,14,12,0.0,2905.0,1,3
1819,14,13,0.0,336.0,1,3
1820,14,16,0.0,202.0,1,3
1821,14,17,0.0,423.0,1,3
1822,14,18,0.0,3.0,1,3
1823,14,19,0.0,22.0,1,3
1824,15,1,0.0,111.0,1,3
1825,15,2,0.0,334.0,1,3
1826,15,3,0.0,305.0,1,3
1827,15,4,0.0,264.0,1,3
1828,15,6,0.0,25.0,1,3
1829,15,7,0.0,292.0,1,3
1830,15,8,0.0,30.0,1,3
1831,15,9,0.0,289.0,1,3
1832,15,10,0.0,49.0,1,3
1833,15,11,0.0,179.0,1,3
1834,15,12,0.0,575.0,1,3
1835,15,13,0.0,856.0,1,3
1836,15,14,0.0,766.0,1,3
1837,15,15,0.0,11.0,1,3
1838,15,16,0.0,1105.0,1,3
1839,15,17,0.0,1258.0,1,3
1840,15,18,0.0,212.0,1,3
1841,15,19,0.0,1.0,1,3
1842,16,1,0.0,50.0,1,3
1843,16,2,0.0,12.0,1,3
1844,16,3,0.0,353.0,1,3
1845,16,4,0.0,459.0,1,3
1846,16,5,0.0,88.0,1,3
1847,16,6,0.0,35.0,1,3
1848,16,9,0.0,127.0,1,3
1849,16,10,0.0,159.0,1,3
1850,16,11,0.0,49.0,1,3
1851,16,12,0.0,213.0,1,3
1852,16,13,0.0,308.0,1,3
1853,16,14,0.0,70.0,1,3
1854,16,15,0.0,75.0,1,3
1855,16,16,0.0,879.0,1,3
1856,16,17,0.0,524.0,1,3
1857,16,18,0.0,57.0,1,3
1858,16,19,0.0,122.0,1,3
1859,17,0,0.0,1.0,1,3
1860,17,1,0.0,11.0,1,3
1861,17,2,0.0,88.0,1,3
1862,17,3,0.0,709.0,1,3
1863,17,4,0.0,247.0,1,3
1864,17,5,0.0,148.0,1,3
1865,17,6,0.0,49.0,1,3
1866,17,8,0.0,45.0,1,3
1867,17,9,0.0,317.0,1,3
1868,17,10,0.0,103.0,1,3
1869,17,11,0.0,74.0,1,3
1870,17,12,0.0,99.0,1,3
1871,17,13,0.0,2.0,1,3
1872,17,15,0.0,566.0,1,3
1873,17,16,0.0,564.0,1,3
1874,17,17,0.0,1348.0,1,3
1875,17,18,0.0,790.0,1,3
1876,17,19,0.0,29.0,1,3
1877,18,0,0.0,7.0,1,3
1878,18,1,0.0,4.0,1,3
1879,18,2,0.0,66.0,1,3
1880,18,3,0.0,379.0,1,3
1881,18,4,0.0,239.0,1,3
1882,18,5,0.0,55.0,1,3
1883,18,8,0.0,301.0,1,3
1884,18,9,0.0,63.0,1,3
1885,18,10,0.0,11.0,1,3
1886,18,11,0.0,11.0,1,3
1887,18,12,0.0,1.0,1,3
1888,18,15,0.0,142.0,1,3
1889,18,16,0.0,295.0,1,3
1890,18,17,0.0,1051.0,1,3
1891,18,18,0.0,777.0,1,3
1892,18,19,0.0,35.0,1,3
1893,19,0,0.0,48.0,1,3
1894,19,1,0.0,107.0,1,3
1895,19,2,0.0,78.0,1,3
1896,19,3,0.0,62.0,1,3
1897,19,4,0.0,35.0,1,3
1898,19,5,0.0,45.0,1,3
1899,19,6,0.0,15.0,1,3
1900,19,7,0.0,172.0,1,3
1901,19,8,0.0,56.0,1,3
1902,19,9,0.0,4.0,1,3
1903,19,10,0.0,22.0,1,3
1904,19,12,0.0,3.0,1,3
1905,19,13,0.0,284.0,1,3
1906,19,15,0.0,28.0,1,3
1907,19,16,0.0,345.0,1,3
1908,19,17,0.0,344.0,1,3
1909,19,18,0.0,128.0,1,3
1910,19,19,0.0,1.0,1,3
1911,0,0,0.0,566.0,2,1
1912,0,1,0.0,3596.0,2,1
1913,0,2,0.0,2380.0,2,1
1914,0,3,0.0,350.0,2,1
1915,0,4,0.0,428.0,2,1
1916,0,5,0.0,1590.0,2,1
1917,0,6,0.0,390.0,2,1
1918,0,7,0.0,242.0,2,1
1919,0,8,0.0,18.0,2,1
1920,0,9,0.0,446.0,2,1
1921,0,10,0.0,1681.0,2,1
1922,0,11,0.0,3362.0,2,1
1923,0,12,0.0,9800.0,2,1
1924,0,13,0.0,3192.0,2,1
1925,0,14,0.0,2.0,2,1
1926,0,15,0.0,7.0,2,1
1927,0,16,0.0,277.0,2,1
1928,0,17,0.0,700.0,2,1
1929,0,18,0.0,7.0,2,1
1930,0,19,0.0,337.0,2,1
1931,1,0,0.0,116.0,2,1
1932,1,1,0.0,277.0,2,1
1933,1,2,0.0,618.0,2,1
1934,1,3,0.0,2988.0,2,1
1935,1,4,0.0,4977.0,2,1
1936,1,5,0.0,2267.0,2,1
1937,1,6,0.0,1734.0,2,1
1938,1,7,0.0,2128.0,2,1
1939,1,8,0.0,507.0,2,1
1940,1,9,0.0,4599.0,2,1
1941,1,10,0.0,4775.0,2,1
1942,1,11,0.0,5339.0,2,1
1943,1,12,0.0,11801.0,2,1
1944,1,13,0.0,3778.0,2,1
1945,1,14,0.0,1017.0,2,1
1946,1,15,0.0,1197.0,2,1
1947,1,16,0.0,1101.0,2,1
1948,1,17,0.0,873.0,2,1
1949,1,18,0.0,1067.0,2,1
1950,1,19,0.0,616.0,2,1
1951,2,1,0.0,773.0,2,1
1952,2,2,0.0,3411.0,2,1
1953,2,3,0.0,7871.0,2,1
1954,2,4,0.0,4380.0,2,1
1955,2,5,0.0,2945.0,2,1
1956,2,6,0.0,8495.0,2,1
1957,2,7,0.0,8967.0,2,1
1958,2,8,0.0,3875.0,2,1
1959,2,9,0.0,3101.0,2,1
1960,2,10,0.0,4907.0,2,1
1961,2,11,0.0,7283.0,2,1
1962,2,12,0.0,10227.0,2,1
1963,2,13,0.0,8745.0,2,1
1964,2,14,0.0,4664.0,2,1
1965,2,15,0.0,22.0,2,1
1966,2,16,0.0,1382.0,2,1
1967,2,17,0.0,914.0,2,1
1968,2,18,0.0,426.0,2,1
1969,2,19,0.0,2759.0,2,1
1970,3,0,0.0,1057.0,2,1
1971,3,1,0.0,4233.0,2,1
1972,3,2,0.0,1233.0,2,1
1973,3,3,0.0,7989.0,2,1
1974,3,4,0.0,4709.0,2,1
1975,3,5,0.0,1237.0,2,1
1976,3,6,0.0,5487.0,2,1
1977,3,7,0.0,7520.0,2,1
1978,3,8,0.0,9068.0,2,1
1979,3,9,0.0,5303.0,2,1
1980,3,10,0.0,5099.0,2,1
1981,3,11,0.0,13328.0,2,1
1982,3,12,0.0,14154.0,2,1
1983,3,13,0.0,15316.0,2,1
1984,3,14,0.0,4415.0,2,1
1985,3,15,0.0,377.0,2,1
1986,3,16,0.0,3681.0,2,1
1987,3,17,0.0,4796.0,2,1
1988,3,18,0.0,1667.0,2,1
1989,3,19,0.0,3332.0,2,1
1990,4,0,0.0,4627.0,2,1
1991,4,1,0.0,2273.0,2,1
1992,4,2,0.0,646.0,2,1
1993,4,3,0.0,4536.0,2,1
1994,4,4,0.0,12272.0,2,1
1995,4,5,0.0,6132.0,2,1
1996,4,6,0.0,9370.0,2,1
1997,4,7,0.0,12836.0,2,1
1998,4,8,0.0,13299.0,2,1
1999,4,9,0.0,6836.0,2,1
2000,4,10,0.0,10897.0,2,1
2001,4,11,0.0,16613.0,2,1
2002,4,12,0.0,16113.0,2,1
2003,4,13,0.0,14341.0,2,1
2004,4,14,0.0,4113.0,2,1
2005,4,15,0.0,1086.0,2,1
2006,4,16,0.0,5071.0,2,1
2007,4,17,0.0,4727.0,2,1
2008,4,18,0.0,1759.0,2,1
2009,4,19,0.0,20057.0,2,1
2010,5,0,0.0,5967.0,2,1
2011,5,1,0.0,5763.0,2,1
2012,5,2,0.0,405.0,2,1
2013,5,3,0.0,4314.0,2,1
2014,5,4,0.0,13806.0,2,1
2015,5,5,0.0,6593.0,2,1
2016,5,6,0.0,13525.0,2,1
2017,5,7,0.0,13117.0,2,1
2018,5,8,0.0,10754.0,2,1
2019,5,9,0.0,10042.0,2,1
2020,5,10,0.0,12697.0,2,1
2021,5,11,0.0,14055.0,2,1
2022,5,12,0.0,15169.0,2,1
2023,5,13,0.0,17251.0,2,1
2024,5,14,0.0,3612.0,2,1
2025,5,15,0.0,1055.0,2,1
2026,5,16,0.0,7504.0,2,1
2027,5,17,0.0,4229.0,2,1
2028,5,18,0.0,7748.0,2,1
2029,5,19,0.0,4072.0,2,1
2030,6,0,0.0,4923.0,2,1
2031,6,1,0.0,6334.0,2,1
2032,6,2,0.0,9178.0,2,1
2033,6,3,0.0,8184.0,2,1
2034,6,4,0.0,9354.0,2,1
2035,6,5,0.0,6082.0,2,1
2036,6,6,0.0,11256.0,2,1
2037,6,7,0.0,9210.0,2,1
2038,6,8,0.0,4916.0,2,1
2039,6,9,0.0,18198.0,2,1
2040,6,10,0.0,14499.0,2,1
2041,6,11,0.0,13939.0,2,1
2042,6,12,0.0,17952.0,2,1
2043,6,13,0.0,18590.0,2,1
2044,6,14,0.0,12507.0,2,1
2045,6,15,0.0,7646.0,2,1
2046,6,16,0.0,11812.0,2,1
2047,6,17,0.0,5306.0,2,1
2048,6,18,0.0,8069.0,2,1
2049,6,19,0.0,6763.0,2,1
2050,7,0,0.0,1430.0,2,1
2051,7,1,0.0,4233.0,2,1
2052,7,2,0.0,7993.0,2,1
2053,7,3,0.0,8271.0,2,1
2054,7,4,0.0,7754.0,2,1
2055,7,5,0.0,4068.0,2,1
2056,7,6,0.0,4146.0,2,1
2057,7,7,0.0,8175.0,2,1
2058,7,8,0.0,9357.0,2,1
2059,7,9,0.0,25426.0,2,1
2060,7,10,0.0,12693.0,2,1
2061,7,11,0.0,14066.0,2,1
2062,7,12,0.0,18051.0,2,1
2063,7,13,0.0,18753.0,2,1
2064,7,14,0.0,9616.0,2,1
2065,7,15,0.0,6650.0,2,1
2066,7,16,0.0,10425.0,2,1
2067,7,17,0.0,8064.0,2,1
2068,7,18,0.0,5337.0,2,1
2069,7,19,0.0,510.0,2,1
2070,8,0,0.0,3031.0,2,1
2071,8,1,0.0,3728.0,2,1
2072,8,2,0.0,2771.0,2,1
2073,8,3,0.0,2981.0,2,1
2074,8,4,0.0,2304.0,2,1
2075,8,5,0.0,7072.0,2,1
2076,8,6,0.0,17910.0,2,1
2077,8,7,0.0,15055.0,2,1
2078,8,8,0.0,11486.0,2,1
2079,8,9,0.0,12317.0,2,1
2080,8,10,0.0,20751.0,2,1
2081,8,11,0.0,21078.0,2,1
2082,8,12,0.0,18099.0,2,1
2083,8,13,0.0,14167.0,2,1
2084,8,14,0.0,11210.0,2,1
2085,8,15,0.0,8485.0,2,1
2086,8,16,0.0,14488.0,2,1
2087,8,17,0.0,11636.0,2,1
2088,8,18,0.0,6077.0,2,1
2089,8,19,0.0,97.0,2,1
2090,9,0,0.0,5399.0,2,1
2091,9,1,0.0,1877.0,2,1
2092,9,2,0.0,596.0,2,1
2093,9,3,0.0,2611.0,2,1
2094,9,4,0.0,2612.0,2,1
2095,9,5,0.0,1962.0,2,1
2096,9,6,0.0,5337.0,2,1
2097,9,7,0.0,9349.0,2,1
2098,9,10,0.0,10367.0,2,1
2099,9,11,0.0,15152.0,2,1
2100,9,12,0.0,9785.0,2,1
2101,9,13,0.0,10189.0,2,1
2102,9,14,0.0,9626.0,2,1
2103,9,15,0.0,11792.0,2,1
2104,9,16,0.0,15634.0,2,1
2105,9,17,0.0,9515.0,2,1
2106,9,18,0.0,1976.0,2,1
2107,9,19,0.0,90.0,2,1
2108,10,0,0.0,5702.0,2,1
2109,10,1,0.0,4522.0,2,1
2110,10,2,0.0,2083.0,2,1
2111,10,3,0.0,268.0,2,1
2112,10,4,0.0,678.0,2,1
2113,10,5,0.0,2163.0,2,1
2114,10,6,0.0,1742.0,2,1
2115,10,7,0.0,918.0,2,1
2116,10,8,0.0,703.0,2,1
2117,10,9,0.0,5355.0,2,1
2118,10,10,0.0,12058.0,2,1
2119,10,11,0.0,11549.0,2,1
2120,10,12,0.0,5894.0,2,1
2121,10,13,0.0,8720.0,2,1
2122,10,14,0.0,8605.0,2,1
2123,10,15,0.0,9965.0,2,1
2124,10,16,0.0,4646.0,2,1
2125,10,17,0.0,4671.0,2,1
2126,10,18,0.0,4015.0,2,1
2127,10,19,0.0,393.0,2,1
2128,11,0,0.0,9125.0,2,1
2129,11,1,0.0,2120.0,2,1
2130,11,2,0.0,632.0,2,1
2131,11,3,0.0,324.0,2,1
2132,11,4,0.0,996.0,2,1
2133,11,5,0.0,1053.0,2,1
2134,11,6,0.0,718.0,2,1
2135,11,7,0.0,350.0,2,1
2136,11,8,0.0,1202.0,2,1
2137,11,9,0.0,3696.0,2,1
2138,11,10,0.0,8366.0,2,1
2139,11,11,0.0,14184.0,2,1
2140,11,12,0.0,12355.0,2,1
2141,11,13,0.0,12171.0,2,1
2142,11,14,0.0,13121.0,2,1
2143,11,15,0.0,14363.0,2,1
2144,11,16,0.0,16027.0,2,1
2145,11,17,0.0,10240.0,2,1
2146,11,18,0.0,6680.0,2,1
2147,11,19,0.0,486.0,2,1
2148,12,0,0.0,5541.0,2,1
2149,12,1,0.0,404.0,2,1
2150,12,2,0.0,793.0,2,1
2151,12,3,0.0,4.0,2,1
2152,12,4,0.0,266.0,2,1
2153,12,5,0.0,307.0,2,1
2154,12,6,0.0,62.0,2,1
2155,12,7,0.0,645.0,2,1
2156,12,8,0.0,1609.0,2,1
2157,12,9,0.0,2272.0,2,1
2158,12,10,0.0,5551.0,2,1
2159,12,11,0.0,10521.0,2,1
2160,12,12,0.0,11990.0,2,1
2161,12,13,0.0,656.0,2,1
2162,12,14,0.0,3666.0,2,1
2163,12,15,0.0,12788.0,2,1
2164,12,16,0.0,7224.0,2,1
2165,12,17,0.0,5661.0,2,1
2166,12,18,0.0,3201.0,2,1
2167,12,19,0.0,4863.0,2,1
2168,13,0,0.0,2415.0,2,1
2169,13,1,0.0,720.0,2,1
2170,13,2,0.0,444.0,2,1
2171,13,3,0.0,62.0,2,1
2172,13,4,0.0,842.0,2,1
2173,13,5,0.0,362.0,2,1
2174,13,6,0.0,50.0,2,1
2175,13,7,0.0,833.0,2,1
2176,13,8,0.0,2150.0,2,1
2177,13,9,0.0,1771.0,2,1
2178,13,10,0.0,1091.0,2,1
2179,13,11,0.0,7476.0,2,1
2180,13,12,0.0,14176.0,2,1
2181,13,13,0.0,2289.0,2,1
2182,13,14,0.0,625.0,2,1
2183,13,15,0.0,7725.0,2,1
2184,13,16,0.0,3231.0,2,1
2185,13,17,0.0,204.0,2,1
2186,13,18,0.0,3453.0,2,1
2187,13,19,0.0,3382.0,2,1
2188,14,0,0.0,1579.0,2,1
2189,14,1,0.0,388.0,2,1
2190,14,2,0.0,178.0,2,1
2191,14,3,0.0,564.0,2,1
2192,14,4,0.0,268.0,2,1
2193,14,5,0.0,269.0,2,1
2194,14,7,0.0,1083.0,2,1
2195,14,8,0.0,457.0,2,1
2196,14,9,0.0,1129.0,2,1
2197,14,10,0.0,465.0,2,1
2198,14,11,0.0,5766.0,2,1
2199,14,12,0.0,11966.0,2,1
2200,14,13,0.0,1511.0,2,1
2201,14,14,0.0,76.0,2,1
2202,14,15,0.0,3.0,2,1
2203,14,16,0.0,1538.0,2,1
2204,14,17,0.0,6987.0,2,1
2205,14,18,0.0,939.0,2,1
2206,14,19,0.0,2104.0,2,1
2207,15,0,0.0,29.0,2,1
2208,15,1,0.0,369.0,2,1
2209,15,2,0.0,953.0,2,1
2210,15,3,0.0,1068.0,2,1
2211,15,4,0.0,920.0,2,1
2212,15,5,0.0,5.0,2,1
2213,15,6,0.0,34.0,2,1
2214,15,7,0.0,766.0,2,1
2215,15,8,0.0,88.0,2,1
2216,15,9,0.0,1135.0,2,1
2217,15,10,0.0,100.0,2,1
2218,15,11,0.0,815.0,2,1
2219,15,12,0.0,1996.0,2,1
2220,15,13,0.0,5448.0,2,1
2221,15,14,0.0,3003.0,2,1
2222,15,15,0.0,241.0,2,1
2223,15,16,0.0,4759.0,2,1
2224,15,17,0.0,4441.0,2,1
2225,15,18,0.0,1957.0,2,1
2226,15,19,0.0,921.0,2,1
2227,16,1,0.0,152.0,2,1
2228,16,2,0.0,49.0,2,1
2229,16,3,0.0,1372.0,2,1
2230,16,4,0.0,1596.0,2,1
2231,16,5,0.0,290.0,2,1
2232,16,6,0.0,477.0,2,1
2233,16,7,0.0,105.0,2,1
2234,16,8,0.0,6.0,2,1
2235,16,9,0.0,504.0,2,1
2236,16,10,0.0,521.0,2,1
2237,16,11,0.0,717.0,2,1
2238,16,12,0.0,905.0,2,1
2239,16,13,0.0,1217.0,2,1
2240,16,14,0.0,273.0,2,1
2241,16,15,0.0,302.0,2,1
2242,16,16,0.0,3185.0,2,1
2243,16,17,0.0,3522.0,2,1
2244,16,18,0.0,1618.0,2,1
2245,16,19,0.0,5607.0,2,1
2246,17,0,0.0,13.0,2,1
2247,17,1,0.0,23.0,2,1
2248,17,2,0.0,296.0,2,1
2249,17,3,0.0,2767.0,2,1
2250,17,4,0.0,1086.0,2,1
2251,17,5,0.0,354.0,2,1
2252,17,6,0.0,199.0,2,1
2253,17,8,0.0,127.0,2,1
2254,17,9,0.0,1114.0,2,1
2255,17,10,0.0,481.0,2,1
2256,17,11,0.0,506.0,2,1
2257,17,12,0.0,304.0,2,1
2258,17,13,0.0,104.0,2,1
2259,17,14,0.0,1.0,2,1
2260,17,15,0.0,2270.0,2,1
2261,17,16,0.0,2347.0,2,1
2262,17,17,0.0,6583.0,2,1
2263,17,18,0.0,4629.0,2,1
2264,17,19,0.0,1952.0,2,1
2265,18,0,0.0,30.0,2,1
2266,18,1,0.0,104.0,2,1
2267,18,2,0.0,323.0,2,1
2268,18,3,0.0,1632.0,2,1
2269,18,4,0.0,530.0,2,1
2270,18,5,0.0,231.0,2,1
2271,18,6,0.0,20.0,2,1
2272,18,7,0.0,3.0,2,1
2273,18,8,0.0,1058.0,2,1
2274,18,9,0.0,306.0,2,1
2275,18,10,0.0,17.0,2,1
2276,18,11,0.0,23.0,2,1
2277,18,12,0.0,2.0,2,1
2278,18,14,0.0,3.0,2,1
2279,18,15,0.0,713.0,2,1
2280,18,16,0.0,1436.0,2,1
2281,18,17,0.0,4771.0,2,1
2282,18,18,0.0,2622.0,2,1
2283,18,19,0.0,312.0,2,1
2284,19,0,0.0,168.0,2,1
2285,19,1,0.0,532.0,2,1
2286,19,2,0.0,303.0,2,1
2287,19,3,0.0,316.0,2,1
2288,19,4,0.0,184.0,2,1
2289,19,5,0.0,71.0,2,1
2290,19,6,0.0,99.0,2,1
2291,19,7,0.0,938.0,2,1
2292,19,8,0.0,200.0,2,1
2293,19,9,0.0,18.0,2,1
2294,19,10,0.0,46.0,2,1
2295,19,12,0.0,1.0,2,1
2296,19,13,0.0,548.0,2,1
2297,19,14,0.0,2.0,2,1
2298,19,15,0.0,194.0,2,1
2299,19,16,0.0,1388.0,2,1
2300,19,17,0.0,1529.0,2,1
2301,19,18,0.0,407.0,2,1
2302,19,19,0.0,19.0,2,1
2303,0,0,0.0,339.0,2,2
2304,0,1,0.0,2127.0,2,2
2305,0,2,0.0,1404.0,2,2
2306,0,3,0.0,263.0,2,2
2307,0,4,0.0,192.0,2,2
2308,0,5,0.0,994.0,2,2
2309,0,6,0.0,72.0,2,2
2310,0,7,0.0,98.0,2,2
2311,0,8,0.0,12.0,2,2
2312,0,9,0.0,283.0,2,2
2313,0,10,0.0,540.0,2,2
2314,0,11,0.0,2021.0,2,2
2315,0,12,0.0,5179.0,2,2
2316,0,13,0.0,2018.0,2,2
2317,0,14,0.0,1.0,2,2
2318,0,15,0.0,1.0,2,2
2319,0,16,0.0,61.0,2,2
2320,0,17,0.0,215.0,2,2
2321,0,18,0.0,1.0,2,2
2322,0,19,0.0,217.0,2,2
2323,1,0,0.0,133.0,2,2
2324,1,1,0.0,57.0,2,2
2325,1,2,0.0,134.0,2,2
2326,1,3,0.0,1404.0,2,2
2327,1,4,0.0,2211.0,2,2
2328,1,5,0.0,595.0,2,2
2329,1,6,0.0,450.0,2,2
2330,1,7,0.0,819.0,2,2
2331,1,8,0.0,281.0,2,2
2332,1,9,0.0,3954.0,2,2
2333,1,10,0.0,3329.0,2,2
2334,1,11,0.0,3094.0,2,2
2335,1,12,0.0,5669.0,2,2
2336,1,13,0.0,1174.0,2,2
2337,1,14,0.0,609.0,2,2
2338,1,15,0.0,312.0,2,2
2339,1,16,0.0,357.0,2,2
2340,1,17,0.0,220.0,2,2
2341,1,18,0.0,692.0,2,2
2342,1,19,0.0,394.0,2,2
2343,2,1,0.0,354.0,2,2
2344,2,2,0.0,1136.0,2,2
2345,2,3,0.0,3822.0,2,2
2346,2,4,0.0,2745.0,2,2
2347,2,5,0.0,912.0,2,2
2348,2,6,0.0,4139.0,2,2
2349,2,7,0.0,5347.0,2,2
2350,2,8,0.0,2753.0,2,2
2351,2,9,0.0,1641.0,2,2
2352,2,10,0.0,2709.0,2,2
2353,2,11,0.0,4302.0,2,2
2354,2,12,0.0,5446.0,2,2
2355,2,13,0.0,5162.0,2,2
2356,2,14,0.0,2845.0,2,2
2357,2,15,0.0,24.0,2,2
2358,2,16,0.0,457.0,2,2
2359,2,17,0.0,382.0,2,2
2360,2,18,0.0,359.0,2,2
2361,2,19,0.0,2202.0,2,2
2362,3,0,0.0,639.0,2,2
2363,3,1,0.0,2005.0,2,2
2364,3,2,0.0,724.0,2,2
2365,3,3,0.0,4225.0,2,2
2366,3,4,0.0,1457.0,2,2
2367,3,5,0.0,209.0,2,2
2368,3,6,0.0,3211.0,2,2
2369,3,7,0.0,4794.0,2,2
2370,3,8,0.0,5750.0,2,2
2371,3,9,0.0,2551.0,2,2
2372,3,10,0.0,3199.0,2,2
2373,3,11,0.0,7810.0,2,2
2374,3,12,0.0,7506.0,2,2
2375,3,13,0.0,8157.0,2,2
2376,3,14,0.0,2167.0,2,2
2377,3,15,0.0,288.0,2,2
2378,3,16,0.0,1835.0,2,2
2379,3,17,0.0,2583.0,2,2
2380,3,18,0.0,457.0,2,2
2381,3,19,0.0,2012.0,2,2
2382,4,0,0.0,2845.0,2,2
2383,4,1,0.0,1375.0,2,2
2384,4,2,0.0,492.0,2,2
2385,4,3,0.0,2648.0,2,2
2386,4,4,0.0,6617.0,2,2
2387,4,5,0.0,2061.0,2,2
2388,4,6,0.0,5691.0,2,2
2389,4,7,0.0,7912.0,2,2
2390,4,8,0.0,7502.0,2,2
2391,4,9,0.0,3951.0,2,2
2392,4,10,0.0,6421.0,2,2
2393,4,11,0.0,9304.0,2,2
2394,4,12,0.0,9689.0,2,2
2395,4,13,0.0,8338.0,2,2
2396,4,14,0.0,2438.0,2,2
2397,4,15,0.0,769.0,2,2
2398,4,16,0.0,2353.0,2,2
2399,4,17,0.0,2799.0,2,2
2400,4,18,0.0,786.0,2,2
2401,4,19,0.0,7802.0,2,2
2402,5,0,0.0,3455.0,2,2
2403,5,1,0.0,3492.0,2,2
2404,5,2,0.0,228.0,2,2
2405,5,3,0.0,2040.0,2,2
2406,5,4,0.0,8474.0,2,2
2407,5,5,0.0,3356.0,2,2
2408,5,6,0.0,8435.0,2,2
2409,5,7,0.0,7919.0,2,2
2410,5,8,0.0,6831.0,2,2
2411,5,9,0.0,6135.0,2,2
2412,5,10,0.0,7171.0,2,2
2413,5,11,0.0,8961.0,2,2
2414,5,12,0.0,8667.0,2,2
2415,5,13,0.0,9718.0,2,2
2416,5,14,0.0,2183.0,2,2
2417,5,15,0.0,528.0,2,2
2418,5,16,0.0,3763.0,2,2
2419,5,17,0.0,2150.0,2,2
2420,5,18,0.0,4016.0,2,2
2421,5,19,0.0,2003.0,2,2
2422,6,0,0.0,3260.0,2,2
2423,6,1,0.0,4040.0,2,2
2424,6,2,0.0,5516.0,2,2
2425,6,3,0.0,4351.0,2,2
2426,6,4,0.0,5303.0,2,2
2427,6,5,0.0,3384.0,2,2
2428,6,6,0.0,6385.0,2,2
2429,6,7,0.0,4406.0,2,2
2430,6,8,0.0,2457.0,2,2
2431,6,9,0.0,10609.0,2,2
2432,6,10,0.0,7410.0,2,2
2433,6,11,0.0,7359.0,2,2
2434,6,12,0.0,9196.0,2,2
2435,6,13,0.0,10330.0,2,2
2436,6,14,0.0,6756.0,2,2
2437,6,15,0.0,4288.0,2,2
2438,6,16,0.0,7144.0,2,2
2439,6,17,0.0,3348.0,2,2
2440,6,18,0.0,3649.0,2,2
2441,6,19,0.0,4283.0,2,2
2442,7,0,0.0,1312.0,2,2
2443,7,1,0.0,2660.0,2,2
2444,7,2,0.0,4726.0,2,2
2445,7,3,0.0,4555.0,2,2
2446,7,4,0.0,4993.0,2,2
2447,7,5,0.0,1324.0,2,2
2448,7,6,0.0,2209.0,2,2
2449,7,7,0.0,4701.0,2,2
2450,7,8,0.0,5411.0,2,2
2451,7,9,0.0,14138.0,2,2
2452,7,10,0.0,6346.0,2,2
2453,7,11,0.0,6287.0,2,2
2454,7,12,0.0,9714.0,2,2
2455,7,13,0.0,10528.0,2,2
2456,7,14,0.0,5422.0,2,2
2457,7,15,0.0,3384.0,2,2
2458,7,16,0.0,6346.0,2,2
2459,7,17,0.0,5228.0,2,2
2460,7,18,0.0,2988.0,2,2
2461,7,19,0.0,293.0,2,2
2462,8,0,0.0,1710.0,2,2
2463,8,1,0.0,2087.0,2,2
2464,8,2,0.0,1655.0,2,2
2465,8,3,0.0,1500.0,2,2
2466,8,4,0.0,1203.0,2,2
2467,8,5,0.0,3738.0,2,2
2468,8,6,0.0,6930.0,2,2
2469,8,7,0.0,6421.0,2,2
2470,8,8,0.0,6128.0,2,2
2471,8,9,0.0,6965.0,2,2
2472,8,10,0.0,10956.0,2,2
2473,8,11,0.0,10609.0,2,2
2474,8,12,0.0,10012.0,2,2
2475,8,13,0.0,7416.0,2,2
2476,8,14,0.0,6534.0,2,2
2477,8,15,0.0,4608.0,2,2
2478,8,16,0.0,8633.0,2,2
2479,8,17,0.0,6087.0,2,2
2480,8,18,0.0,1735.0,2,2
2481,8,19,0.0,73.0,2,2
2482,9,0,0.0,2717.0,2,2
2483,9,1,0.0,980.0,2,2
2484,9,2,0.0,180.0,2,2
2485,9,3,0.0,2037.0,2,2
2486,9,4,0.0,1361.0,2,2
2487,9,5,0.0,1307.0,2,2
2488,9,6,0.0,2492.0,2,2
2489,9,7,0.0,4892.0,2,2
2490,9,10,0.0,6487.0,2,2
2491,9,11,0.0,8841.0,2,2
2492,9,12,0.0,6093.0,2,2
2493,9,13,0.0,4756.0,2,2
2494,9,14,0.0,5782.0,2,2
2495,9,15,0.0,5994.0,2,2
2496,9,16,0.0,10219.0,2,2
2497,9,17,0.0,6046.0,2,2
2498,9,18,0.0,776.0,2,2
2499,9,19,0.0,3.0,2,2
2500,10,0,0.0,2655.0,2,2
2501,10,1,0.0,2378.0,2,2
2502,10,2,0.0,1089.0,2,2
2503,10,3,0.0,179.0,2,2
2504,10,4,0.0,406.0,2,2
2505,10,5,0.0,1239.0,2,2
2506,10,6,0.0,1056.0,2,2
2507,10,7,0.0,518.0,2,2
2508,10,8,0.0,384.0,2,2
2509,10,9,0.0,3042.0,2,2
2510,10,10,0.0,7153.0,2,2
2511,10,11,0.0,6804.0,2,2
2512,10,12,0.0,3439.0,2,2
2513,10,13,0.0,4052.0,2,2
2514,10,14,0.0,5087.0,2,2
2515,10,15,0.0,5606.0,2,2
2516,10,16,0.0,2392.0,2,2
2517,10,17,0.0,2696.0,2,2
2518,10,18,0.0,1211.0,2,2
2519,10,19,0.0,118.0,2,2
2520,11,0,0.0,4075.0,2,2
2521,11,1,0.0,938.0,2,2
2522,11,2,0.0,347.0,2,2
2523,11,3,0.0,184.0,2,2
2524,11,4,0.0,561.0,2,2
2525,11,5,0.0,614.0,2,2
2526,11,6,0.0,436.0,2,2
2527,11,7,0.0,175.0,2,2
2528,11,8,0.0,569.0,2,2
2529,11,9,0.0,1950.0,2,2
2530,11,10,0.0,5557.0,2,2
2531,11,11,0.0,8963.0,2,2
2532,11,12,0.0,6757.0,2,2
2533,11,13,0.0,6004.0,2,2
2534,11,14,0.0,6789.0,2,2
2535,11,15,0.0,8313.0,2,2
2536,11,16,0.0,9143.0,2,2
2537,11,17,0.0,5749.0,2,2
2538,11,18,0.0,3369.0,2,2
2539,11,19,0.0,249.0,2,2
2540,12,0,0.0,3377.0,2,2
2541,12,1,0.0,256.0,2,2
2542,12,2,0.0,437.0,2,2
2543,12,3,0.0,6.0,2,2
2544,12,4,0.0,175.0,2,2
2545,12,5,0.0,165.0,2,2
2546,12,6,0.0,45.0,2,2
2547,12,7,0.0,374.0,2,2
2548,12,8,0.0,951.0,2,2
2549,12,9,0.0,1123.0,2,2
2550,12,10,0.0,3300.0,2,2
2551,12,11,0.0,5828.0,2,2
2552,12,12,0.0,5179.0,2,2
2553,12,13,0.0,64.0,2,2
2554,12,14,0.0,1478.0,2,2
2555,12,15,0.0,7670.0,2,2
2556,12,16,0.0,4236.0,2,2
2557,12,17,0.0,2432.0,2,2
2558,12,18,0.0,1407.0,2,2
2559,12,19,0.0,2524.0,2,2
2560,13,0,0.0,1223.0,2,2
2561,13,1,0.0,453.0,2,2
2562,13,2,0.0,236.0,2,2
2563,13,3,0.0,55.0,2,2
2564,13,4,0.0,589.0,2,2
2565,13,5,0.0,219.0,2,2
2566,13,6,0.0,57.0,2,2
2567,13,7,0.0,525.0,2,2
2568,13,8,0.0,1355.0,2,2
2569,13,9,0.0,1035.0,2,2
2570,13,10,0.0,806.0,2,2
2571,13,11,0.0,4358.0,2,2
2572,13,12,0.0,7242.0,2,2
2573,13,13,0.0,1023.0,2,2
2574,13,14,0.0,110.0,2,2
2575,13,15,0.0,4202.0,2,2
2576,13,16,0.0,1771.0,2,2
2577,13,17,0.0,34.0,2,2
2578,13,18,0.0,884.0,2,2
2579,13,19,0.0,1717.0,2,2
2580,14,0,0.0,1041.0,2,2
2581,14,1,0.0,234.0,2,2
2582,14,2,0.0,164.0,2,2
2583,14,3,0.0,307.0,2,2
2584,14,4,0.0,150.0,2,2
2585,14,5,0.0,137.0,2,2
2586,14,7,0.0,669.0,2,2
2587,14,8,0.0,231.0,2,2
2588,14,9,0.0,692.0,2,2
2589,14,10,0.0,331.0,2,2
2590,14,11,0.0,3156.0,2,2
2591,14,12,0.0,7337.0,2,2
2592,14,13,0.0,886.0,2,2
2593,14,14,0.0,49.0,2,2
2594,14,15,0.0,6.0,2,2
2595,14,16,0.0,718.0,2,2
2596,14,17,0.0,2651.0,2,2
2597,14,18,0.0,188.0,2,2
2598,14,19,0.0,453.0,2,2
2599,15,0,0.0,26.0,2,2
2600,15,1,0.0,223.0,2,2
2601,15,2,0.0,719.0,2,2
2602,15,3,0.0,684.0,2,2
2603,15,4,0.0,537.0,2,2
2604,15,6,0.0,56.0,2,2
2605,15,7,0.0,493.0,2,2
2606,15,8,0.0,52.0,2,2
2607,15,9,0.0,594.0,2,2
2608,15,10,0.0,103.0,2,2
2609,15,11,0.0,522.0,2,2
2610,15,12,0.0,1188.0,2,2
2611,15,13,0.0,2661.0,2,2
2612,15,14,0.0,2064.0,2,2
2613,15,15,0.0,158.0,2,2
2614,15,16,0.0,2726.0,2,2
2615,15,17,0.0,2897.0,2,2
2616,15,18,0.0,649.0,2,2
2617,15,19,0.0,237.0,2,2
2618,16,0,0.0,12.0,2,2
2619,16,1,0.0,104.0,2,2
2620,16,2,0.0,38.0,2,2
2621,16,3,0.0,1010.0,2,2
2622,16,4,0.0,929.0,2,2
2623,16,5,0.0,215.0,2,2
2624,16,6,0.0,152.0,2,2
2625,16,7,0.0,30.0,2,2
2626,16,9,0.0,314.0,2,2
2627,16,10,0.0,303.0,2,2
2628,16,11,0.0,228.0,2,2
2629,16,12,0.0,417.0,2,2
2630,16,13,0.0,709.0,2,2
2631,16,14,0.0,147.0,2,2
2632,16,15,0.0,186.0,2,2
2633,16,16,0.0,2019.0,2,2
2634,16,17,0.0,1409.0,2,2
2635,16,18,0.0,585.0,2,2
2636,16,19,0.0,1330.0,2,2
2637,17,0,0.0,14.0,2,2
2638,17,1,0.0,33.0,2,2
2639,17,2,0.0,146.0,2,2
2640,17,3,0.0,1630.0,2,2
2641,17,4,0.0,550.0,2,2
2642,17,5,0.0,199.0,2,2
2643,17,6,0.0,105.0,2,2
2644,17,8,0.0,84.0,2,2
2645,17,9,0.0,589.0,2,2
2646,17,10,0.0,244.0,2,2
2647,17,11,0.0,311.0,2,2
2648,17,12,0.0,234.0,2,2
2649,17,13,0.0,18.0,2,2
2650,17,14,0.0,8.0,2,2
2651,17,15,0.0,1341.0,2,2
2652,17,16,0.0,1456.0,2,2
2653,17,17,0.0,3775.0,2,2
2654,17,18,0.0,2441.0,2,2
2655,17,19,0.0,613.0,2,2
2656,18,0,0.0,16.0,2,2
2657,18,1,0.0,36.0,2,2
2658,18,2,0.0,179.0,2,2
2659,18,3,0.0,990.0,2,2
2660,18,4,0.0,404.0,2,2
2661,18,5,0.0,137.0,2,2
2662,18,6,0.0,17.0,2,2
2663,18,8,0.0,645.0,2,2
2664,18,9,0.0,180.0,2,2
2665,18,10,0.0,6.0,2,2
2666,18,11,0.0,18.0,2,2
2667,18,12,0.0,7.0,2,2
2668,18,15,0.0,450.0,2,2
2669,18,16,0.0,897.0,2,2
2670,18,17,0.0,2924.0,2,2
2671,18,18,0.0,1458.0,2,2
2672,18,19,0.0,122.0,2,2
2673,19,0,0.0,94.0,2,2
2674,19,1,0.0,346.0,2,2
2675,19,2,0.0,205.0,2,2
2676,19,3,0.0,163.0,2,2
2677,19,4,0.0,99.0,2,2
2678,19,5,0.0,83.0,2,2
2679,19,6,0.0,44.0,2,2
2680,19,7,0.0,500.0,2,2
2681,19,8,0.0,114.0,2,2
2682,19,9,0.0,12.0,2,2
2683,19,10,0.0,54.0,2,2
2684,19,12,0.0,12.0,2,2
2685,19,13,0.0,379.0,2,2
2686,19,14,0.0,5.0,2,2
2687,19,15,0.0,64.0,2,2
2688,19,16,0.0,924.0,2,2
2689,19,17,0.0,1213.0,2,2
2690,19,18,0.0,238.0,2,2
2691,19,19,0.0,34.0,2,2
2692,0,0,0.0,403.0,2,3
2693,0,1,0.0,2430.0,2,3
2694,0,2,0.0,1155.0,2,3
2695,0,3,0.0,277.0,2,3
2696,0,4,0.0,273.0,2,3
2697,0,5,0.0,1036.0,2,3
2698,0,6,0.0,37.0,2,3
2699,0,7,0.0,18.0,2,3
2700,0,8,0.0,26.0,2,3
2701,0,9,0.0,266.0,2,3
2702,0,10,0.0,104.0,2,3
2703,0,11,0.0,1881.0,2,3
2704,0,12,0.0,5054.0,2,3
2705,0,13,0.0,2452.0,2,3
2706,0,14,0.0,4.0,2,3
2707,0,16,0.0,55.0,2,3
2708,0,17,0.0,72.0,2,3
2709,0,19,0.0,156.0,2,3
2710,1,0,0.0,142.0,2,3
2711,1,1,0.0,11.0,2,3
2712,1,2,0.0,39.0,2,3
2713,1,3,0.0,1232.0,2,3
2714,1,4,0.0,1946.0,2,3
2715,1,5,0.0,227.0,2,3
2716,1,6,0.0,258.0,2,3
2717,1,7,0.0,621.0,2,3
2718,1,8,0.0,353.0,2,3
2719,1,9,0.0,505.0,2,3
2720,1,10,0.0,940.0,2,3
2721,1,11,0.0,2992.0,2,3
2722,1,12,0.0,5423.0,2,3
2723,1,13,0.0,377.0,2,3
2724,1,14,0.0,564.0,2,3
2725,1,15,0.0,85.0,2,3
2726,1,16,0.0,40.0,2,3
2727,1,17,0.0,144.0,2,3
2728,1,18,0.0,863.0,2,3
2729,1,19,0.0,344.0,2,3
2730,2,1,0.0,175.0,2,3
2731,2,2,0.0,215.0,2,3
2732,2,3,0.0,3171.0,2,3
2733,2,4,0.0,3075.0,2,3
2734,2,5,0.0,101.0,2,3
2735,2,6,0.0,3495.0,2,3
2736,2,7,0.0,6080.0,2,3
2737,2,8,0.0,3146.0,2,3
2738,2,9,0.0,1280.0,2,3
2739,2,10,0.0,3022.0,2,3
2740,2,11,0.0,4572.0,2,3
2741,2,12,0.0,5239.0,2,3
2742,2,13,0.0,5573.0,2,3
2743,2,14,0.0,3546.0,2,3
2744,2,15,0.0,4.0,2,3
2745,2,16,0.0,275.0,2,3
2746,2,17,0.0,465.0,2,3
2747,2,18,0.0,566.0,2,3
2748,2,19,0.0,2478.0,2,3
2749,3,0,0.0,723.0,2,3
2750,3,1,0.0,2200.0,2,3
2751,3,2,0.0,519.0,2,3
2752,3,3,0.0,3896.0,2,3
2753,3,4,0.0,785.0,2,3
2754,3,5,0.0,89.0,2,3
2755,3,6,0.0,2912.0,2,3
2756,3,7,0.0,5082.0,2,3
2757,3,8,0.0,6993.0,2,3
2758,3,9,0.0,2502.0,2,3
2759,3,10,0.0,3403.0,2,3
2760,3,11,0.0,8023.0,2,3
2761,3,12,0.0,7913.0,2,3
2762,3,13,0.0,8984.0,2,3
2763,3,14,0.0,2068.0,2,3
2764,3,15,0.0,421.0,2,3
2765,3,16,0.0,1264.0,2,3
2766,3,17,0.0,2850.0,2,3
2767,3,18,0.0,278.0,2,3
2768,3,19,0.0,1981.0,2,3
2769,4,0,0.0,3358.0,2,3
2770,4,1,0.0,1480.0,2,3
2771,4,2,0.0,584.0,2,3
2772,4,3,0.0,3194.0,2,3
2773,4,4,0.0,6450.0,2,3
2774,4,5,0.0,795.0,2,3
2775,4,6,0.0,6337.0,2,3
2776,4,7,0.0,9068.0,2,3
2777,4,8,0.0,8164.0,2,3
2778,4,9,0.0,3859.0,2,3
2779,4,10,0.0,6925.0,2,3
2780,4,11,0.0,10592.0,2,3
2781,4,12,0.0,10411.0,2,3
2782,4,13,0.0,8641.0,2,3
2783,4,14,0.0,2650.0,2,3
2784,4,15,0.0,549.0,2,3
2785,4,16,0.0,2220.0,2,3
2786,4,17,0.0,3264.0,2,3
2787,4,18,0.0,844.0,2,3
2788,4,19,0.0,4526.0,2,3
2789,5,0,0.0,3374.0,2,3
2790,5,1,0.0,3830.0,2,3
2791,5,2,0.0,182.0,2,3
2792,5,3,0.0,1893.0,2,3
2793,5,4,0.0,8879.0,2,3
2794,5,5,0.0,2953.0,2,3
2795,5,6,0.0,8965.0,2,3
2796,5,7,0.0,8435.0,2,3
2797,5,8,0.0,7150.0,2,3
2798,5,9,0.0,7240.0,2,3
2799,5,10,0.0,7056.0,2,3
2800,5,11,0.0,8861.0,2,3
2801,5,12,0.0,9021.0,2,3
2802,5,13,0.0,9796.0,2,3
2803,5,14,0.0,2309.0,2,3
2804,5,15,0.0,286.0,2,3
2805,5,16,0.0,3817.0,2,3
2806,5,17,0.0,1768.0,2,3
2807,5,18,0.0,1590.0,2,3
2808,5,19,0.0,1353.0,2,3
2809,6,0,0.0,3770.0,2,3
2810,6,1,0.0,4330.0,2,3
2811,6,2,0.0,5577.0,2,3
2812,6,3,0.0,4665.0,2,3
2813,6,4,0.0,4470.0,2,3
2814,6,5,0.0,3363.0,2,3
2815,6,6,0.0,5967.0,2,3
2816,6,7,0.0,3913.0,2,3
2817,6,8,0.0,1999.0,2,3
2818,6,9,0.0,10676.0,2,3
2819,6,10,0.0,7011.0,2,3
2820,6,11,0.0,7289.0,2,3
2821,6,12,0.0,7927.0,2,3
2822,6,13,0.0,10633.0,2,3
2823,6,14,0.0,6880.0,2,3
2824,6,15,0.0,3514.0,2,3
2825,6,16,0.0,8327.0,2,3
2826,6,17,0.0,3467.0,2,3
2827,6,18,0.0,3867.0,2,3
2828,6,19,0.0,4913.0,2,3
2829,7,0,0.0,1725.0,2,3
2830,7,1,0.0,3060.0,2,3
2831,7,2,0.0,5790.0,2,3
2832,7,3,0.0,4845.0,2,3
2833,7,4,0.0,4943.0,2,3
2834,7,5,0.0,563.0,2,3
2835,7,6,0.0,569.0,2,3
2836,7,7,0.0,5391.0,2,3
2837,7,8,0.0,5342.0,2,3
2838,7,9,0.0,15420.0,2,3
2839,7,10,0.0,5396.0,2,3
2840,7,11,0.0,4391.0,2,3
2841,7,12,0.0,8904.0,2,3
2842,7,13,0.0,11187.0,2,3
2843,7,14,0.0,5963.0,2,3
2844,7,15,0.0,2338.0,2,3
2845,7,16,0.0,7036.0,2,3
2846,7,17,0.0,5801.0,2,3
2847,7,18,0.0,2840.0,2,3
2848,7,19,0.0,349.0,2,3
2849,8,0,0.0,1807.0,2,3
2850,8,1,0.0,1678.0,2,3
2851,8,2,0.0,1696.0,2,3
2852,8,3,0.0,1021.0,2,3
2853,8,4,0.0,363.0,2,3
2854,8,5,0.0,3573.0,2,3
2855,8,6,0.0,5348.0,2,3
2856,8,7,0.0,5002.0,2,3
2857,8,8,0.0,5899.0,2,3
2858,8,9,0.0,5681.0,2,3
2859,8,10,0.0,10469.0,2,3
2860,8,11,0.0,6718.0,2,3
2861,8,12,0.0,7920.0,2,3
2862,8,13,0.0,6987.0,2,3
2863,8,14,0.0,5889.0,2,3
2864,8,15,0.0,4236.0,2,3
2865,8,16,0.0,9616.0,2,3
2866,8,17,0.0,5814.0,2,3
2867,8,18,0.0,464.0,2,3
2868,8,19,0.0,31.0,2,3
2869,9,0,0.0,2013.0,2,3
2870,9,1,0.0,781.0,2,3
2871,9,2,0.0,50.0,2,3
2872,9,3,0.0,2216.0,2,3
2873,9,4,0.0,1390.0,2,3
2874,9,5,0.0,1573.0,2,3
2875,9,6,0.0,2776.0,2,3
2876,9,7,0.0,3240.0,2,3
2877,9,10,0.0,4747.0,2,3
2878,9,11,0.0,7064.0,2,3
2879,9,12,0.0,5064.0,2,3
2880,9,13,0.0,3620.0,2,3
2881,9,14,0.0,6729.0,2,3
2882,9,15,0.0,5673.0,2,3
2883,9,16,0.0,11507.0,2,3
2884,9,17,0.0,6811.0,2,3
2885,9,18,0.0,704.0,2,3
2886,9,19,0.0,1.0,2,3
2887,10,0,0.0,2337.0,2,3
2888,10,1,0.0,2605.0,2,3
2889,10,2,0.0,1442.0,2,3
2890,10,3,0.0,230.0,2,3
2891,10,4,0.0,500.0,2,3
2892,10,5,0.0,1674.0,2,3
2893,10,6,0.0,1456.0,2,3
2894,10,7,0.0,604.0,2,3
2895,10,8,0.0,267.0,2,3
2896,10,9,0.0,3150.0,2,3
2897,10,10,0.0,5706.0,2,3
2898,10,11,0.0,5430.0,2,3
2899,10,12,0.0,2630.0,2,3
2900,10,13,0.0,3170.0,2,3
2901,10,14,0.0,4822.0,2,3
2902,10,15,0.0,5409.0,2,3
2903,10,16,0.0,2431.0,2,3
2904,10,17,0.0,2784.0,2,3
2905,10,18,0.0,820.0,2,3
2906,10,19,0.0,57.0,2,3
2907,11,0,0.0,3252.0,2,3
2908,11,1,0.0,881.0,2,3
2909,11,2,0.0,398.0,2,3
2910,11,3,0.0,248.0,2,3
2911,11,4,0.0,798.0,2,3
2912,11,5,0.0,901.0,2,3
2913,11,6,0.0,543.0,2,3
2914,11,7,0.0,273.0,2,3
2915,11,8,0.0,586.0,2,3
2916,11,9,0.0,1568.0,2,3
2917,11,10,0.0,4499.0,2,3
2918,11,11,0.0,9031.0,2,3
2919,11,12,0.0,6143.0,2,3
2920,11,13,0.0,5376.0,2,3
2921,11,14,0.0,7441.0,2,3
2922,11,15,0.0,9322.0,2,3
2923,11,16,0.0,9243.0,2,3
2924,11,17,0.0,6076.0,2,3
2925,11,18,0.0,3765.0,2,3
2926,11,19,0.0,240.0,2,3
2927,12,0,0.0,3832.0,2,3
2928,12,1,0.0,330.0,2,3
2929,12,2,0.0,527.0,2,3
2930,12,3,0.0,6.0,2,3
2931,12,4,0.0,157.0,2,3
2932,12,5,0.0,258.0,2,3
2933,12,6,0.0,67.0,2,3
2934,12,7,0.0,478.0,2,3
2935,12,8,0.0,1148.0,2,3
2936,12,9,0.0,1164.0,2,3
2937,12,10,0.0,3489.0,2,3
2938,12,11,0.0,6267.0,2,3
2939,12,12,0.0,4400.0,2,3
2940,12,13,0.0,13.0,2,3
2941,12,14,0.0,1424.0,2,3
2942,12,15,0.0,8995.0,2,3
2943,12,16,0.0,4359.0,2,3
2944,12,17,0.0,1740.0,2,3
2945,12,18,0.0,1021.0,2,3
2946,12,19,0.0,2465.0,2,3
2947,13,0,0.0,1319.0,2,3
2948,13,1,0.0,564.0,2,3
2949,13,2,0.0,236.0,2,3
2950,13,3,0.0,18.0,2,3
2951,13,4,0.0,704.0,2,3
2952,13,5,0.0,222.0,2,3
2953,13,6,0.0,32.0,2,3
2954,13,7,0.0,756.0,2,3
2955,13,8,0.0,2083.0,2,3
2956,13,9,0.0,1546.0,2,3
2957,13,10,0.0,1035.0,2,3
2958,13,11,0.0,4209.0,2,3
2959,13,12,0.0,7207.0,2,3
2960,13,13,0.0,245.0,2,3
2961,13,14,0.0,15.0,2,3
2962,13,15,0.0,4593.0,2,3
2963,13,16,0.0,1615.0,2,3
2964,13,17,0.0,1.0,2,3
2965,13,18,0.0,110.0,2,3
2966,13,19,0.0,257.0,2,3
2967,14,0,0.0,1154.0,2,3
2968,14,1,0.0,274.0,2,3
2969,14,2,0.0,235.0,2,3
2970,14,3,0.0,426.0,2,3
2971,14,4,0.0,202.0,2,3
2972,14,5,0.0,102.0,2,3
2973,14,6,0.0,1.0,2,3
2974,14,7,0.0,790.0,2,3
2975,14,8,0.0,385.0,2,3
2976,14,9,0.0,841.0,2,3
2977,14,10,0.0,427.0,2,3
2978,14,11,0.0,3878.0,2,3
2979,14,12,0.0,8148.0,2,3
2980,14,13,0.0,1013.0,2,3
2981,14,14,0.0,23.0,2,3
2982,14,15,0.0,7.0,2,3
2983,14,16,0.0,546.0,2,3
2984,14,17,0.0,1480.0,2,3
2985,14,18,0.0,49.0,2,3
2986,14,19,0.0,163.0,2,3
2987,15,1,0.0,262.0,2,3
2988,15,2,0.0,892.0,2,3
2989,15,3,0.0,831.0,2,3
2990,15,4,0.0,691.0,2,3
2991,15,5,0.0,2.0,2,3
2992,15,6,0.0,19.0,2,3
2993,15,7,0.0,777.0,2,3
2994,15,8,0.0,50.0,2,3
2995,15,9,0.0,756.0,2,3
2996,15,10,0.0,155.0,2,3
2997,15,11,0.0,649.0,2,3
2998,15,12,0.0,1497.0,2,3
2999,15,13,0.0,2377.0,2,3
3000,15,14,0.0,2111.0,2,3
3001,15,15,0.0,59.0,2,3
3002,15,16,0.0,3158.0,2,3
3003,15,17,0.0,3362.0,2,3
3004,15,18,0.0,583.0,2,3
3005,15,19,0.0,116.0,2,3
3006,16,0,0.0,2.0,2,3
3007,16,1,0.0,118.0,2,3
3008,16,2,0.0,34.0,2,3
3009,16,3,0.0,1029.0,2,3
3010,16,4,0.0,1280.0,2,3
3011,16,5,0.0,241.0,2,3
3012,16,6,0.0,141.0,2,3
3013,16,7,0.0,1.0,2,3
3014,16,9,0.0,344.0,2,3
3015,16,10,0.0,404.0,2,3
3016,16,11,0.0,123.0,2,3
3017,16,12,0.0,604.0,2,3
3018,16,13,0.0,912.0,2,3
3019,16,14,0.0,206.0,2,3
3020,16,15,0.0,200.0,2,3
3021,16,16,0.0,2587.0,2,3
3022,16,17,0.0,1421.0,2,3
3023,16,18,0.0,251.0,2,3
3024,16,19,0.0,620.0,2,3
3025,17,0,0.0,7.0,2,3
3026,17,1,0.0,10.0,2,3
3027,17,2,0.0,230.0,2,3
3028,17,3,0.0,1880.0,2,3
3029,17,4,0.0,590.0,2,3
3030,17,5,0.0,365.0,2,3
3031,17,6,0.0,103.0,2,3
3032,17,8,0.0,129.0,2,3
3033,17,9,0.0,944.0,2,3
3034,17,10,0.0,353.0,2,3
3035,17,11,0.0,283.0,2,3
3036,17,12,0.0,301.0,2,3
3037,17,15,0.0,1499.0,2,3
3038,17,16,0.0,1472.0,2,3
3039,17,17,0.0,3698.0,2,3
3040,17,18,0.0,2282.0,2,3
3041,17,19,0.0,133.0,2,3
3042,18,1,0.0,3.0,2,3
3043,18,2,0.0,164.0,2,3
3044,18,3,0.0,946.0,2,3
3045,18,4,0.0,600.0,2,3
3046,18,5,0.0,143.0,2,3
3047,18,6,0.0,6.0,2,3
3048,18,8,0.0,733.0,2,3
3049,18,9,0.0,224.0,2,3
3050,18,10,0.0,4.0,2,3
3051,18,11,0.0,14.0,2,3
3052,18,12,0.0,3.0,2,3
3053,18,15,0.0,374.0,2,3
3054,18,16,0.0,836.0,2,3
3055,18,17,0.0,2745.0,2,3
3056,18,18,0.0,1849.0,2,3
3057,18,19,0.0,75.0,2,3
3058,19,0,0.0,116.0,2,3
3059,19,1,0.0,344.0,2,3
3060,19,2,0.0,252.0,2,3
3061,19,3,0.0,86.0,2,3
3062,19,4,0.0,115.0,2,3
3063,19,5,0.0,136.0,2,3
3064,19,6,0.0,80.0,2,3
3065,19,7,0.0,616.0,2,3
3066,19,8,0.0,127.0,2,3
3067,19,9,0.0,13.0,2,3
3068,19,10,0.0,108.0,2,3
3069,19,13,0.0,366.0,2,3
3070,19,15,0.0,65.0,2,3
3071,19,16,0.0,841.0,2,3
3072,19,17,0.0,884.0,2,3
3073,19,18,0.0,268.0,2,3
3074,19,19,0.0,15.0,2,3
