Long,Lat,N. of parkings,Day of the month,Day of the week,Hour
7.641500000000001,45.0255,7,1,3,0
7.641500000000001,45.088499999999996,6,1,3,0
7.727,45.088499999999996,3,1,3,0
7.641500000000001,45.0255,3,1,3,1
7.641500000000001,45.088499999999996,1,1,3,1
7.727,45.088499999999996,2,1,3,1
7.641500000000001,45.0255,1,1,3,2
7.641500000000001,45.088499999999996,1,1,3,2
7.727,45.088499999999996,2,1,3,2
7.641500000000001,45.0255,8,1,3,3
7.641500000000001,45.088499999999996,8,1,3,3
7.641500000000001,45.0255,10,1,3,4
7.641500000000001,45.088499999999996,23,1,3,4
7.727,45.0255,5,1,3,4
7.727,45.088499999999996,16,1,3,4
7.641500000000001,45.0255,61,1,3,5
7.641500000000001,45.088499999999996,72,1,3,5
7.727,45.0255,17,1,3,5
7.727,45.088499999999996,38,1,3,5
7.641500000000001,45.0255,117,1,3,6
7.641500000000001,45.088499999999996,149,1,3,6
7.727,45.0255,27,1,3,6
7.727,45.088499999999996,75,1,3,6
7.641500000000001,45.0255,100,1,3,7
7.641500000000001,45.088499999999996,108,1,3,7
7.727,45.0255,20,1,3,7
7.727,45.088499999999996,61,1,3,7
7.641500000000001,45.0255,129,1,3,8
7.641500000000001,45.088499999999996,122,1,3,8
7.727,45.0255,12,1,3,8
7.727,45.088499999999996,64,1,3,8
7.641500000000001,45.0255,118,1,3,9
7.641500000000001,45.088499999999996,145,1,3,9
7.727,45.0255,18,1,3,9
7.727,45.088499999999996,66,1,3,9
7.641500000000001,45.0255,102,1,3,10
7.641500000000001,45.088499999999996,122,1,3,10
7.727,45.0255,10,1,3,10
7.727,45.088499999999996,53,1,3,10
7.641500000000001,45.0255,84,1,3,11
7.641500000000001,45.088499999999996,127,1,3,11
7.727,45.0255,16,1,3,11
7.727,45.088499999999996,72,1,3,11
7.641500000000001,45.0255,85,1,3,12
7.641500000000001,45.088499999999996,95,1,3,12
7.727,45.0255,16,1,3,12
7.727,45.088499999999996,52,1,3,12
7.641500000000001,45.0255,91,1,3,13
7.641500000000001,45.088499999999996,130,1,3,13
7.727,45.0255,15,1,3,13
7.727,45.088499999999996,58,1,3,13
7.641500000000001,45.0255,120,1,3,14
7.641500000000001,45.088499999999996,192,1,3,14
7.727,45.0255,24,1,3,14
7.727,45.088499999999996,80,1,3,14
7.641500000000001,45.0255,130,1,3,15
7.641500000000001,45.088499999999996,180,1,3,15
7.727,45.0255,21,1,3,15
7.727,45.088499999999996,84,1,3,15
7.641500000000001,45.0255,151,1,3,16
7.641500000000001,45.088499999999996,226,1,3,16
7.727,45.0255,24,1,3,16
7.727,45.088499999999996,94,1,3,16
7.641500000000001,45.0255,103,1,3,17
7.641500000000001,45.088499999999996,135,1,3,17
7.727,45.0255,13,1,3,17
7.727,45.088499999999996,90,1,3,17
7.641500000000001,45.0255,80,1,3,18
7.641500000000001,45.088499999999996,77,1,3,18
7.727,45.0255,7,1,3,18
7.727,45.088499999999996,38,1,3,18
7.641500000000001,45.0255,43,1,3,19
7.641500000000001,45.088499999999996,65,1,3,19
7.727,45.0255,3,1,3,19
7.727,45.088499999999996,29,1,3,19
7.641500000000001,45.0255,44,1,3,20
7.641500000000001,45.088499999999996,42,1,3,20
7.727,45.0255,4,1,3,20
7.727,45.088499999999996,29,1,3,20
7.641500000000001,45.0255,28,1,3,21
7.641500000000001,45.088499999999996,42,1,3,21
7.727,45.0255,2,1,3,21
7.727,45.088499999999996,21,1,3,21
7.641500000000001,45.0255,30,1,3,22
7.641500000000001,45.088499999999996,23,1,3,22
7.727,45.0255,2,1,3,22
7.727,45.088499999999996,14,1,3,22
7.641500000000001,45.0255,17,1,3,23
7.641500000000001,45.088499999999996,15,1,3,23
7.727,45.088499999999996,17,1,3,23
7.641500000000001,45.0255,7,2,4,0
7.641500000000001,45.088499999999996,10,2,4,0
7.727,45.0255,3,2,4,0
7.727,45.088499999999996,13,2,4,0
7.641500000000001,45.0255,12,2,4,1
7.641500000000001,45.088499999999996,6,2,4,1
7.727,45.088499999999996,9,2,4,1
7.641500000000001,45.0255,4,2,4,2
7.641500000000001,45.088499999999996,4,2,4,2
7.727,45.0255,1,2,4,2
7.727,45.088499999999996,6,2,4,2
7.641500000000001,45.0255,4,2,4,3
7.641500000000001,45.088499999999996,6,2,4,3
7.727,45.0255,1,2,4,3
7.727,45.088499999999996,5,2,4,3
7.641500000000001,45.0255,5,2,4,4
7.641500000000001,45.088499999999996,7,2,4,4
7.727,45.0255,1,2,4,4
7.727,45.088499999999996,7,2,4,4
7.641500000000001,45.0255,13,2,4,5
7.641500000000001,45.088499999999996,22,2,4,5
7.727,45.0255,1,2,4,5
7.727,45.088499999999996,9,2,4,5
7.641500000000001,45.0255,23,2,4,6
7.641500000000001,45.088499999999996,29,2,4,6
7.727,45.0255,6,2,4,6
7.727,45.088499999999996,13,2,4,6
7.641500000000001,45.0255,46,2,4,7
7.641500000000001,45.088499999999996,62,2,4,7
7.727,45.0255,7,2,4,7
7.727,45.088499999999996,37,2,4,7
7.641500000000001,45.0255,55,2,4,8
7.641500000000001,45.088499999999996,72,2,4,8
7.727,45.0255,5,2,4,8
7.727,45.088499999999996,43,2,4,8
7.641500000000001,45.0255,49,2,4,9
7.641500000000001,45.088499999999996,90,2,4,9
7.727,45.0255,10,2,4,9
7.727,45.088499999999996,48,2,4,9
7.641500000000001,45.0255,36,2,4,10
7.641500000000001,45.088499999999996,69,2,4,10
7.727,45.0255,4,2,4,10
7.727,45.088499999999996,34,2,4,10
7.641500000000001,45.0255,30,2,4,11
7.641500000000001,45.088499999999996,51,2,4,11
7.727,45.0255,6,2,4,11
7.727,45.088499999999996,19,2,4,11
7.641500000000001,45.0255,25,2,4,12
7.641500000000001,45.088499999999996,38,2,4,12
7.727,45.0255,5,2,4,12
7.727,45.088499999999996,13,2,4,12
7.641500000000001,45.0255,39,2,4,13
7.641500000000001,45.088499999999996,45,2,4,13
7.727,45.0255,6,2,4,13
7.727,45.088499999999996,39,2,4,13
7.641500000000001,45.0255,49,2,4,14
7.641500000000001,45.088499999999996,49,2,4,14
7.727,45.0255,8,2,4,14
7.727,45.088499999999996,41,2,4,14
7.641500000000001,45.0255,54,2,4,15
7.641500000000001,45.088499999999996,78,2,4,15
7.727,45.0255,6,2,4,15
7.727,45.088499999999996,36,2,4,15
7.641500000000001,45.0255,42,2,4,16
7.641500000000001,45.088499999999996,69,2,4,16
7.727,45.0255,10,2,4,16
7.727,45.088499999999996,36,2,4,16
7.641500000000001,45.0255,50,2,4,17
7.641500000000001,45.088499999999996,71,2,4,17
7.727,45.0255,9,2,4,17
7.727,45.088499999999996,53,2,4,17
7.641500000000001,45.0255,33,2,4,18
7.641500000000001,45.088499999999996,47,2,4,18
7.727,45.0255,4,2,4,18
7.727,45.088499999999996,28,2,4,18
7.641500000000001,45.0255,27,2,4,19
7.641500000000001,45.088499999999996,34,2,4,19
7.727,45.0255,6,2,4,19
7.727,45.088499999999996,22,2,4,19
7.641500000000001,45.0255,29,2,4,20
7.641500000000001,45.088499999999996,44,2,4,20
7.727,45.0255,3,2,4,20
7.727,45.088499999999996,24,2,4,20
7.641500000000001,45.0255,25,2,4,21
7.641500000000001,45.088499999999996,38,2,4,21
7.727,45.0255,5,2,4,21
7.727,45.088499999999996,31,2,4,21
7.641500000000001,45.0255,15,2,4,22
7.641500000000001,45.088499999999996,34,2,4,22
7.727,45.0255,4,2,4,22
7.727,45.088499999999996,16,2,4,22
7.641500000000001,45.0255,13,2,4,23
7.641500000000001,45.088499999999996,26,2,4,23
7.727,45.0255,1,2,4,23
7.727,45.088499999999996,11,2,4,23
7.641500000000001,45.0255,6,3,5,0
7.641500000000001,45.088499999999996,11,3,5,0
7.727,45.0255,1,3,5,0
7.727,45.088499999999996,7,3,5,0
7.641500000000001,45.0255,8,3,5,1
7.641500000000001,45.088499999999996,2,3,5,1
7.727,45.0255,1,3,5,1
7.727,45.088499999999996,7,3,5,1
7.641500000000001,45.0255,4,3,5,2
7.641500000000001,45.088499999999996,3,3,5,2
7.727,45.088499999999996,5,3,5,2
7.641500000000001,45.0255,2,3,5,3
7.641500000000001,45.088499999999996,5,3,5,3
7.727,45.088499999999996,3,3,5,3
7.641500000000001,45.0255,1,3,5,4
7.641500000000001,45.088499999999996,10,3,5,4
7.727,45.088499999999996,6,3,5,4
7.641500000000001,45.0255,18,3,5,5
7.641500000000001,45.088499999999996,14,3,5,5
7.727,45.0255,3,3,5,5
7.727,45.088499999999996,12,3,5,5
7.641500000000001,45.0255,25,3,5,6
7.641500000000001,45.088499999999996,46,3,5,6
7.727,45.0255,3,3,5,6
7.727,45.088499999999996,23,3,5,6
7.641500000000001,45.0255,55,3,5,7
7.641500000000001,45.088499999999996,64,3,5,7
7.727,45.0255,7,3,5,7
7.727,45.088499999999996,37,3,5,7
7.641500000000001,45.0255,76,3,5,8
7.641500000000001,45.088499999999996,115,3,5,8
7.727,45.0255,15,3,5,8
7.727,45.088499999999996,74,3,5,8
7.641500000000001,45.0255,91,3,5,9
7.641500000000001,45.088499999999996,106,3,5,9
7.727,45.0255,17,3,5,9
7.727,45.088499999999996,52,3,5,9
7.641500000000001,45.0255,61,3,5,10
7.641500000000001,45.088499999999996,97,3,5,10
7.727,45.0255,4,3,5,10
7.727,45.088499999999996,44,3,5,10
7.641500000000001,45.0255,43,3,5,11
7.641500000000001,45.088499999999996,53,3,5,11
7.727,45.0255,7,3,5,11
7.727,45.088499999999996,37,3,5,11
7.641500000000001,45.0255,42,3,5,12
7.641500000000001,45.088499999999996,58,3,5,12
7.727,45.0255,8,3,5,12
7.727,45.088499999999996,34,3,5,12
7.641500000000001,45.0255,52,3,5,13
7.641500000000001,45.088499999999996,81,3,5,13
7.727,45.0255,10,3,5,13
7.727,45.088499999999996,41,3,5,13
7.641500000000001,45.0255,57,3,5,14
7.641500000000001,45.088499999999996,96,3,5,14
7.727,45.0255,6,3,5,14
7.727,45.088499999999996,48,3,5,14
7.641500000000001,45.0255,74,3,5,15
7.641500000000001,45.088499999999996,107,3,5,15
7.727,45.0255,11,3,5,15
7.727,45.088499999999996,50,3,5,15
7.641500000000001,45.0255,80,3,5,16
7.641500000000001,45.088499999999996,89,3,5,16
7.727,45.0255,16,3,5,16
7.727,45.088499999999996,28,3,5,16
7.641500000000001,45.0255,58,3,5,17
7.641500000000001,45.088499999999996,86,3,5,17
7.727,45.0255,12,3,5,17
7.727,45.088499999999996,48,3,5,17
7.641500000000001,45.0255,33,3,5,18
7.641500000000001,45.088499999999996,31,3,5,18
7.727,45.0255,8,3,5,18
7.727,45.088499999999996,28,3,5,18
7.641500000000001,45.0255,6,3,5,19
7.641500000000001,45.088499999999996,17,3,5,19
7.727,45.0255,2,3,5,19
7.727,45.088499999999996,8,3,5,19
7.641500000000001,45.0255,15,3,5,20
7.641500000000001,45.088499999999996,18,3,5,20
7.727,45.0255,1,3,5,20
7.727,45.088499999999996,15,3,5,20
7.641500000000001,45.0255,45,3,5,21
7.641500000000001,45.088499999999996,54,3,5,21
7.727,45.0255,7,3,5,21
7.727,45.088499999999996,19,3,5,21
7.641500000000001,45.0255,27,3,5,22
7.641500000000001,45.088499999999996,41,3,5,22
7.727,45.0255,1,3,5,22
7.727,45.088499999999996,25,3,5,22
7.641500000000001,45.0255,18,3,5,23
7.641500000000001,45.088499999999996,15,3,5,23
7.727,45.0255,2,3,5,23
7.727,45.088499999999996,15,3,5,23
7.641500000000001,45.0255,6,4,6,0
7.641500000000001,45.088499999999996,10,4,6,0
7.727,45.0255,3,4,6,0
7.727,45.088499999999996,10,4,6,0
7.641500000000001,45.0255,11,4,6,1
7.641500000000001,45.088499999999996,7,4,6,1
7.727,45.0255,2,4,6,1
7.727,45.088499999999996,15,4,6,1
7.641500000000001,45.0255,6,4,6,2
7.641500000000001,45.088499999999996,5,4,6,2
7.727,45.0255,1,4,6,2
7.727,45.088499999999996,5,4,6,2
7.641500000000001,45.0255,2,4,6,3
7.641500000000001,45.088499999999996,6,4,6,3
7.727,45.0255,1,4,6,3
7.727,45.088499999999996,3,4,6,3
7.641500000000001,45.0255,4,4,6,4
7.641500000000001,45.088499999999996,4,4,6,4
7.727,45.0255,1,4,6,4
7.727,45.088499999999996,6,4,6,4
7.641500000000001,45.0255,6,4,6,5
7.641500000000001,45.088499999999996,5,4,6,5
7.727,45.0255,1,4,6,5
7.727,45.088499999999996,8,4,6,5
7.641500000000001,45.0255,12,4,6,6
7.641500000000001,45.088499999999996,12,4,6,6
7.727,45.0255,2,4,6,6
7.727,45.088499999999996,13,4,6,6
7.641500000000001,45.0255,31,4,6,7
7.641500000000001,45.088499999999996,32,4,6,7
7.727,45.0255,3,4,6,7
7.727,45.088499999999996,25,4,6,7
7.641500000000001,45.0255,41,4,6,8
7.641500000000001,45.088499999999996,45,4,6,8
7.727,45.0255,12,4,6,8
7.727,45.088499999999996,25,4,6,8
7.641500000000001,45.0255,57,4,6,9
7.641500000000001,45.088499999999996,57,4,6,9
7.727,45.0255,13,4,6,9
7.727,45.088499999999996,30,4,6,9
7.641500000000001,45.0255,48,4,6,10
7.641500000000001,45.088499999999996,44,4,6,10
7.727,45.0255,4,4,6,10
7.727,45.088499999999996,31,4,6,10
7.641500000000001,45.0255,23,4,6,11
7.641500000000001,45.088499999999996,32,4,6,11
7.727,45.0255,2,4,6,11
7.727,45.088499999999996,15,4,6,11
7.641500000000001,45.0255,18,4,6,12
7.641500000000001,45.088499999999996,32,4,6,12
7.727,45.0255,4,4,6,12
7.727,45.088499999999996,22,4,6,12
7.641500000000001,45.0255,40,4,6,13
7.641500000000001,45.088499999999996,39,4,6,13
7.727,45.0255,2,4,6,13
7.727,45.088499999999996,21,4,6,13
7.641500000000001,45.0255,35,4,6,14
7.641500000000001,45.088499999999996,54,4,6,14
7.727,45.0255,9,4,6,14
7.727,45.088499999999996,45,4,6,14
7.641500000000001,45.0255,64,4,6,15
7.641500000000001,45.088499999999996,72,4,6,15
7.727,45.0255,12,4,6,15
7.727,45.088499999999996,38,4,6,15
7.641500000000001,45.0255,55,4,6,16
7.641500000000001,45.088499999999996,83,4,6,16
7.727,45.0255,14,4,6,16
7.727,45.088499999999996,40,4,6,16
7.641500000000001,45.0255,63,4,6,17
7.641500000000001,45.088499999999996,59,4,6,17
7.727,45.0255,7,4,6,17
7.727,45.088499999999996,35,4,6,17
7.641500000000001,45.0255,39,4,6,18
7.641500000000001,45.088499999999996,43,4,6,18
7.727,45.0255,2,4,6,18
7.727,45.088499999999996,31,4,6,18
7.641500000000001,45.0255,26,4,6,19
7.641500000000001,45.088499999999996,34,4,6,19
7.727,45.0255,2,4,6,19
7.727,45.088499999999996,14,4,6,19
7.641500000000001,45.0255,26,4,6,20
7.641500000000001,45.088499999999996,29,4,6,20
7.727,45.0255,4,4,6,20
7.727,45.088499999999996,17,4,6,20
7.641500000000001,45.0255,16,4,6,21
7.641500000000001,45.088499999999996,26,4,6,21
7.727,45.0255,3,4,6,21
7.727,45.088499999999996,20,4,6,21
7.641500000000001,45.0255,8,4,6,22
7.641500000000001,45.088499999999996,12,4,6,22
7.727,45.088499999999996,9,4,6,22
7.641500000000001,45.0255,3,4,6,23
7.641500000000001,45.088499999999996,3,4,6,23
7.727,45.088499999999996,6,4,6,23
7.641500000000001,45.0255,2,5,0,0
7.641500000000001,45.088499999999996,2,5,0,0
7.641500000000001,45.0255,2,5,0,1
7.641500000000001,45.088499999999996,1,5,0,1
7.641500000000001,45.0255,2,5,0,2
7.641500000000001,45.088499999999996,3,5,0,2
7.727,45.088499999999996,2,5,0,2
7.641500000000001,45.0255,8,5,0,3
7.641500000000001,45.088499999999996,6,5,0,3
7.727,45.0255,1,5,0,3
7.727,45.088499999999996,3,5,0,3
7.641500000000001,45.0255,13,5,0,4
7.641500000000001,45.088499999999996,8,5,0,4
7.727,45.0255,4,5,0,4
7.727,45.088499999999996,6,5,0,4
7.641500000000001,45.0255,66,5,0,5
7.641500000000001,45.088499999999996,66,5,0,5
7.727,45.0255,18,5,0,5
7.727,45.088499999999996,40,5,0,5
7.641500000000001,45.0255,120,5,0,6
7.641500000000001,45.088499999999996,126,5,0,6
7.727,45.0255,24,5,0,6
7.727,45.088499999999996,77,5,0,6
7.641500000000001,45.0255,94,5,0,7
7.641500000000001,45.088499999999996,91,5,0,7
7.727,45.0255,16,5,0,7
7.727,45.088499999999996,57,5,0,7
7.641500000000001,45.0255,100,5,0,8
7.641500000000001,45.088499999999996,94,5,0,8
7.727,45.0255,21,5,0,8
7.727,45.088499999999996,54,5,0,8
7.641500000000001,45.0255,96,5,0,9
7.641500000000001,45.088499999999996,113,5,0,9
7.727,45.0255,8,5,0,9
7.727,45.088499999999996,72,5,0,9
7.641500000000001,45.0255,103,5,0,10
7.641500000000001,45.088499999999996,100,5,0,10
7.727,45.0255,5,5,0,10
7.727,45.088499999999996,55,5,0,10
7.641500000000001,45.0255,75,5,0,11
7.641500000000001,45.088499999999996,100,5,0,11
7.727,45.0255,22,5,0,11
7.727,45.088499999999996,62,5,0,11
7.641500000000001,45.0255,80,5,0,12
7.641500000000001,45.088499999999996,97,5,0,12
7.727,45.0255,18,5,0,12
7.727,45.088499999999996,64,5,0,12
7.641500000000001,45.0255,99,5,0,13
7.641500000000001,45.088499999999996,102,5,0,13
7.727,45.0255,8,5,0,13
7.727,45.088499999999996,59,5,0,13
7.641500000000001,45.0255,101,5,0,14
7.641500000000001,45.088499999999996,153,5,0,14
7.727,45.0255,19,5,0,14
7.727,45.088499999999996,88,5,0,14
7.641500000000001,45.0255,120,5,0,15
7.641500000000001,45.088499999999996,136,5,0,15
7.727,45.0255,17,5,0,15
7.727,45.088499999999996,111,5,0,15
7.641500000000001,45.0255,158,5,0,16
7.641500000000001,45.088499999999996,179,5,0,16
7.727,45.0255,21,5,0,16
7.727,45.088499999999996,102,5,0,16
7.641500000000001,45.0255,120,5,0,17
7.641500000000001,45.088499999999996,160,5,0,17
7.727,45.0255,13,5,0,17
7.727,45.088499999999996,72,5,0,17
7.641500000000001,45.0255,50,5,0,18
7.641500000000001,45.088499999999996,61,5,0,18
7.727,45.0255,7,5,0,18
7.727,45.088499999999996,30,5,0,18
7.641500000000001,45.0255,26,5,0,19
7.641500000000001,45.088499999999996,45,5,0,19
7.727,45.0255,5,5,0,19
7.727,45.088499999999996,18,5,0,19
7.641500000000001,45.0255,22,5,0,20
7.641500000000001,45.088499999999996,27,5,0,20
7.727,45.0255,3,5,0,20
7.727,45.088499999999996,17,5,0,20
7.641500000000001,45.0255,17,5,0,21
7.641500000000001,45.088499999999996,24,5,0,21
7.727,45.0255,1,5,0,21
7.727,45.088499999999996,19,5,0,21
7.641500000000001,45.0255,11,5,0,22
7.641500000000001,45.088499999999996,10,5,0,22
7.727,45.0255,1,5,0,22
7.727,45.088499999999996,11,5,0,22
7.641500000000001,45.0255,3,5,0,23
7.641500000000001,45.088499999999996,2,5,0,23
7.727,45.088499999999996,3,5,0,23
7.641500000000001,45.0255,2,6,1,0
7.641500000000001,45.088499999999996,3,6,1,0
7.727,45.088499999999996,1,6,1,0
7.641500000000001,45.0255,4,6,1,1
7.641500000000001,45.088499999999996,4,6,1,1
7.727,45.0255,1,6,1,1
7.727,45.088499999999996,1,6,1,1
7.641500000000001,45.0255,2,6,1,2
7.641500000000001,45.088499999999996,1,6,1,2
7.727,45.088499999999996,1,6,1,2
7.641500000000001,45.0255,5,6,1,3
7.641500000000001,45.088499999999996,8,6,1,3
7.727,45.0255,1,6,1,3
7.727,45.088499999999996,7,6,1,3
7.641500000000001,45.0255,12,6,1,4
7.641500000000001,45.088499999999996,18,6,1,4
7.727,45.0255,2,6,1,4
7.727,45.088499999999996,5,6,1,4
7.641500000000001,45.0255,62,6,1,5
7.641500000000001,45.088499999999996,71,6,1,5
7.727,45.0255,17,6,1,5
7.727,45.088499999999996,44,6,1,5
7.641500000000001,45.0255,124,6,1,6
7.641500000000001,45.088499999999996,150,6,1,6
7.727,45.0255,16,6,1,6
7.727,45.088499999999996,92,6,1,6
7.641500000000001,45.0255,86,6,1,7
7.641500000000001,45.088499999999996,115,6,1,7
7.727,45.0255,17,6,1,7
7.727,45.088499999999996,66,6,1,7
7.641500000000001,45.0255,95,6,1,8
7.641500000000001,45.088499999999996,127,6,1,8
7.727,45.0255,16,6,1,8
7.727,45.088499999999996,57,6,1,8
7.641500000000001,45.0255,109,6,1,9
7.641500000000001,45.088499999999996,121,6,1,9
7.727,45.0255,11,6,1,9
7.727,45.088499999999996,80,6,1,9
7.641500000000001,45.0255,110,6,1,10
7.641500000000001,45.088499999999996,124,6,1,10
7.727,45.0255,9,6,1,10
7.727,45.088499999999996,63,6,1,10
7.641500000000001,45.0255,75,6,1,11
7.641500000000001,45.088499999999996,115,6,1,11
7.727,45.0255,20,6,1,11
7.727,45.088499999999996,56,6,1,11
7.641500000000001,45.0255,91,6,1,12
7.641500000000001,45.088499999999996,98,6,1,12
7.727,45.0255,10,6,1,12
7.727,45.088499999999996,61,6,1,12
7.641500000000001,45.0255,82,6,1,13
7.641500000000001,45.088499999999996,108,6,1,13
7.727,45.0255,12,6,1,13
7.727,45.088499999999996,65,6,1,13
7.641500000000001,45.0255,114,6,1,14
7.641500000000001,45.088499999999996,154,6,1,14
7.727,45.0255,18,6,1,14
7.727,45.088499999999996,86,6,1,14
7.641500000000001,45.0255,155,6,1,15
7.641500000000001,45.088499999999996,165,6,1,15
7.727,45.0255,25,6,1,15
7.727,45.088499999999996,103,6,1,15
7.641500000000001,45.0255,137,6,1,16
7.641500000000001,45.088499999999996,203,6,1,16
7.727,45.0255,17,6,1,16
7.727,45.088499999999996,89,6,1,16
7.641500000000001,45.0255,116,6,1,17
7.641500000000001,45.088499999999996,150,6,1,17
7.727,45.0255,9,6,1,17
7.727,45.088499999999996,89,6,1,17
7.641500000000001,45.0255,68,6,1,18
7.641500000000001,45.088499999999996,82,6,1,18
7.727,45.0255,6,6,1,18
7.727,45.088499999999996,25,6,1,18
7.641500000000001,45.0255,31,6,1,19
7.641500000000001,45.088499999999996,38,6,1,19
7.727,45.0255,4,6,1,19
7.727,45.088499999999996,17,6,1,19
7.641500000000001,45.0255,30,6,1,20
7.641500000000001,45.088499999999996,41,6,1,20
7.727,45.0255,7,6,1,20
7.727,45.088499999999996,24,6,1,20
7.641500000000001,45.0255,21,6,1,21
7.641500000000001,45.088499999999996,30,6,1,21
7.727,45.0255,1,6,1,21
7.727,45.088499999999996,17,6,1,21
7.641500000000001,45.0255,18,6,1,22
7.641500000000001,45.088499999999996,16,6,1,22
7.727,45.0255,1,6,1,22
7.727,45.088499999999996,11,6,1,22
7.641500000000001,45.0255,4,6,1,23
7.641500000000001,45.088499999999996,6,6,1,23
7.727,45.0255,1,6,1,23
7.727,45.088499999999996,6,6,1,23
7.641500000000001,45.0255,1,7,2,0
7.641500000000001,45.088499999999996,2,7,2,0
7.727,45.0255,1,7,2,0
7.727,45.088499999999996,1,7,2,0
7.641500000000001,45.0255,3,7,2,1
7.641500000000001,45.088499999999996,3,7,2,1
7.727,45.0255,1,7,2,1
7.641500000000001,45.0255,1,7,2,2
7.641500000000001,45.088499999999996,2,7,2,2
7.727,45.0255,1,7,2,2
7.727,45.088499999999996,1,7,2,2
7.641500000000001,45.0255,6,7,2,3
7.641500000000001,45.088499999999996,12,7,2,3
7.727,45.0255,1,7,2,3
7.727,45.088499999999996,4,7,2,3
7.641500000000001,45.0255,11,7,2,4
7.641500000000001,45.088499999999996,18,7,2,4
7.727,45.0255,1,7,2,4
7.727,45.088499999999996,5,7,2,4
7.641500000000001,45.0255,62,7,2,5
7.641500000000001,45.088499999999996,71,7,2,5
7.727,45.0255,13,7,2,5
7.727,45.088499999999996,47,7,2,5
7.641500000000001,45.0255,115,7,2,6
7.641500000000001,45.088499999999996,125,7,2,6
7.727,45.0255,21,7,2,6
7.727,45.088499999999996,86,7,2,6
7.641500000000001,45.0255,73,7,2,7
7.641500000000001,45.088499999999996,104,7,2,7
7.727,45.0255,18,7,2,7
7.727,45.088499999999996,62,7,2,7
7.641500000000001,45.0255,80,7,2,8
7.641500000000001,45.088499999999996,109,7,2,8
7.727,45.0255,18,7,2,8
7.727,45.088499999999996,55,7,2,8
7.641500000000001,45.0255,80,7,2,9
7.641500000000001,45.088499999999996,116,7,2,9
7.727,45.0255,10,7,2,9
7.727,45.088499999999996,56,7,2,9
7.641500000000001,45.0255,86,7,2,10
7.641500000000001,45.088499999999996,96,7,2,10
7.727,45.0255,19,7,2,10
7.727,45.088499999999996,47,7,2,10
7.641500000000001,45.0255,63,7,2,11
7.641500000000001,45.088499999999996,86,7,2,11
7.727,45.0255,13,7,2,11
7.727,45.088499999999996,62,7,2,11
7.641500000000001,45.0255,53,7,2,12
7.641500000000001,45.088499999999996,74,7,2,12
7.727,45.0255,12,7,2,12
7.727,45.088499999999996,44,7,2,12
7.641500000000001,45.0255,102,7,2,13
7.641500000000001,45.088499999999996,116,7,2,13
7.727,45.0255,23,7,2,13
7.727,45.088499999999996,61,7,2,13
7.641500000000001,45.0255,110,7,2,14
7.641500000000001,45.088499999999996,164,7,2,14
7.727,45.0255,19,7,2,14
7.727,45.088499999999996,96,7,2,14
7.641500000000001,45.0255,130,7,2,15
7.641500000000001,45.088499999999996,182,7,2,15
7.727,45.0255,15,7,2,15
7.727,45.088499999999996,89,7,2,15
7.641500000000001,45.0255,147,7,2,16
7.641500000000001,45.088499999999996,196,7,2,16
7.727,45.0255,18,7,2,16
7.727,45.088499999999996,115,7,2,16
7.641500000000001,45.0255,121,7,2,17
7.641500000000001,45.088499999999996,146,7,2,17
7.727,45.0255,14,7,2,17
7.727,45.088499999999996,82,7,2,17
7.641500000000001,45.0255,64,7,2,18
7.641500000000001,45.088499999999996,70,7,2,18
7.727,45.0255,11,7,2,18
7.727,45.088499999999996,45,7,2,18
7.641500000000001,45.0255,38,7,2,19
7.641500000000001,45.088499999999996,44,7,2,19
7.727,45.0255,2,7,2,19
7.727,45.088499999999996,26,7,2,19
7.641500000000001,45.0255,30,7,2,20
7.641500000000001,45.088499999999996,38,7,2,20
7.727,45.0255,10,7,2,20
7.727,45.088499999999996,27,7,2,20
7.641500000000001,45.0255,29,7,2,21
7.641500000000001,45.088499999999996,31,7,2,21
7.727,45.0255,3,7,2,21
7.727,45.088499999999996,19,7,2,21
7.641500000000001,45.0255,12,7,2,22
7.641500000000001,45.088499999999996,24,7,2,22
7.727,45.0255,4,7,2,22
7.727,45.088499999999996,16,7,2,22
7.641500000000001,45.0255,6,7,2,23
7.641500000000001,45.088499999999996,5,7,2,23
7.727,45.088499999999996,5,7,2,23
7.641500000000001,45.0255,4,8,3,0
7.641500000000001,45.088499999999996,6,8,3,0
7.727,45.0255,1,8,3,0
7.727,45.088499999999996,3,8,3,0
7.641500000000001,45.0255,4,8,3,1
7.641500000000001,45.088499999999996,1,8,3,1
7.727,45.088499999999996,2,8,3,1
7.641500000000001,45.0255,3,8,3,2
7.641500000000001,45.088499999999996,1,8,3,2
7.727,45.0255,1,8,3,2
7.727,45.088499999999996,2,8,3,2
7.641500000000001,45.0255,4,8,3,3
7.641500000000001,45.088499999999996,4,8,3,3
7.727,45.0255,1,8,3,3
7.727,45.088499999999996,5,8,3,3
7.641500000000001,45.0255,12,8,3,4
7.641500000000001,45.088499999999996,17,8,3,4
7.727,45.0255,3,8,3,4
7.727,45.088499999999996,7,8,3,4
7.641500000000001,45.0255,56,8,3,5
7.641500000000001,45.088499999999996,85,8,3,5
7.727,45.0255,18,8,3,5
7.727,45.088499999999996,37,8,3,5
7.641500000000001,45.0255,115,8,3,6
7.641500000000001,45.088499999999996,150,8,3,6
7.727,45.0255,18,8,3,6
7.727,45.088499999999996,76,8,3,6
7.641500000000001,45.0255,104,8,3,7
7.641500000000001,45.088499999999996,119,8,3,7
7.727,45.0255,22,8,3,7
7.727,45.088499999999996,67,8,3,7
7.641500000000001,45.0255,76,8,3,8
7.641500000000001,45.088499999999996,116,8,3,8
7.727,45.0255,32,8,3,8
7.727,45.088499999999996,54,8,3,8
7.641500000000001,45.0255,84,8,3,9
7.641500000000001,45.088499999999996,128,8,3,9
7.727,45.0255,11,8,3,9
7.727,45.088499999999996,71,8,3,9
7.641500000000001,45.0255,77,8,3,10
7.641500000000001,45.088499999999996,105,8,3,10
7.727,45.0255,13,8,3,10
7.727,45.088499999999996,63,8,3,10
7.641500000000001,45.0255,79,8,3,11
7.641500000000001,45.088499999999996,99,8,3,11
7.727,45.0255,17,8,3,11
7.727,45.088499999999996,50,8,3,11
7.641500000000001,45.0255,81,8,3,12
7.641500000000001,45.088499999999996,103,8,3,12
7.727,45.0255,13,8,3,12
7.727,45.088499999999996,50,8,3,12
7.641500000000001,45.0255,100,8,3,13
7.641500000000001,45.088499999999996,114,8,3,13
7.727,45.0255,20,8,3,13
7.727,45.088499999999996,53,8,3,13
7.641500000000001,45.0255,117,8,3,14
7.641500000000001,45.088499999999996,161,8,3,14
7.727,45.0255,23,8,3,14
7.727,45.088499999999996,76,8,3,14
7.641500000000001,45.0255,129,8,3,15
7.641500000000001,45.088499999999996,170,8,3,15
7.727,45.0255,14,8,3,15
7.727,45.088499999999996,81,8,3,15
7.641500000000001,45.0255,133,8,3,16
7.641500000000001,45.088499999999996,206,8,3,16
7.727,45.0255,22,8,3,16
7.727,45.088499999999996,111,8,3,16
7.641500000000001,45.0255,120,8,3,17
7.641500000000001,45.088499999999996,161,8,3,17
7.727,45.0255,21,8,3,17
7.727,45.088499999999996,90,8,3,17
7.641500000000001,45.0255,66,8,3,18
7.641500000000001,45.088499999999996,75,8,3,18
7.727,45.0255,11,8,3,18
7.727,45.088499999999996,37,8,3,18
7.641500000000001,45.0255,25,8,3,19
7.641500000000001,45.088499999999996,59,8,3,19
7.727,45.0255,7,8,3,19
7.727,45.088499999999996,32,8,3,19
7.641500000000001,45.0255,26,8,3,20
7.641500000000001,45.088499999999996,37,8,3,20
7.727,45.0255,3,8,3,20
7.727,45.088499999999996,32,8,3,20
7.641500000000001,45.0255,33,8,3,21
7.641500000000001,45.088499999999996,52,8,3,21
7.727,45.0255,2,8,3,21
7.727,45.088499999999996,18,8,3,21
7.641500000000001,45.0255,19,8,3,22
7.641500000000001,45.088499999999996,17,8,3,22
7.727,45.0255,10,8,3,22
7.727,45.088499999999996,19,8,3,22
7.641500000000001,45.0255,13,8,3,23
7.641500000000001,45.088499999999996,12,8,3,23
7.727,45.0255,2,8,3,23
7.727,45.088499999999996,3,8,3,23
7.641500000000001,45.0255,4,9,4,0
7.641500000000001,45.088499999999996,5,9,4,0
7.727,45.0255,1,9,4,0
7.727,45.088499999999996,1,9,4,0
7.641500000000001,45.0255,4,9,4,1
7.641500000000001,45.088499999999996,8,9,4,1
7.727,45.088499999999996,4,9,4,1
7.641500000000001,45.0255,6,9,4,2
7.641500000000001,45.088499999999996,3,9,4,2
7.641500000000001,45.0255,8,9,4,3
7.641500000000001,45.088499999999996,12,9,4,3
7.727,45.088499999999996,3,9,4,3
7.641500000000001,45.0255,15,9,4,4
7.641500000000001,45.088499999999996,11,9,4,4
7.727,45.0255,1,9,4,4
7.727,45.088499999999996,11,9,4,4
7.641500000000001,45.0255,58,9,4,5
7.641500000000001,45.088499999999996,83,9,4,5
7.727,45.0255,14,9,4,5
7.727,45.088499999999996,42,9,4,5
7.641500000000001,45.0255,124,9,4,6
7.641500000000001,45.088499999999996,148,9,4,6
7.727,45.0255,26,9,4,6
7.727,45.088499999999996,78,9,4,6
7.641500000000001,45.0255,87,9,4,7
7.641500000000001,45.088499999999996,108,9,4,7
7.727,45.0255,18,9,4,7
7.727,45.088499999999996,49,9,4,7
7.641500000000001,45.0255,90,9,4,8
7.641500000000001,45.088499999999996,105,9,4,8
7.727,45.0255,13,9,4,8
7.727,45.088499999999996,55,9,4,8
7.641500000000001,45.0255,93,9,4,9
7.641500000000001,45.088499999999996,121,9,4,9
7.727,45.0255,19,9,4,9
7.727,45.088499999999996,65,9,4,9
7.641500000000001,45.0255,85,9,4,10
7.641500000000001,45.088499999999996,129,9,4,10
7.727,45.0255,19,9,4,10
7.727,45.088499999999996,70,9,4,10
7.641500000000001,45.0255,74,9,4,11
7.641500000000001,45.088499999999996,118,9,4,11
7.727,45.0255,13,9,4,11
7.727,45.088499999999996,63,9,4,11
7.641500000000001,45.0255,84,9,4,12
7.641500000000001,45.088499999999996,129,9,4,12
7.727,45.0255,24,9,4,12
7.727,45.088499999999996,47,9,4,12
7.641500000000001,45.0255,104,9,4,13
7.641500000000001,45.088499999999996,110,9,4,13
7.727,45.0255,19,9,4,13
7.727,45.088499999999996,51,9,4,13
7.641500000000001,45.0255,126,9,4,14
7.641500000000001,45.088499999999996,145,9,4,14
7.727,45.0255,18,9,4,14
7.727,45.088499999999996,77,9,4,14
7.641500000000001,45.0255,125,9,4,15
7.641500000000001,45.088499999999996,166,9,4,15
7.727,45.0255,16,9,4,15
7.727,45.088499999999996,88,9,4,15
7.641500000000001,45.0255,142,9,4,16
7.641500000000001,45.088499999999996,206,9,4,16
7.727,45.0255,25,9,4,16
7.727,45.088499999999996,105,9,4,16
7.641500000000001,45.0255,122,9,4,17
7.641500000000001,45.088499999999996,153,9,4,17
7.727,45.0255,16,9,4,17
7.727,45.088499999999996,71,9,4,17
7.641500000000001,45.0255,77,9,4,18
7.641500000000001,45.088499999999996,77,9,4,18
7.727,45.0255,7,9,4,18
7.727,45.088499999999996,46,9,4,18
7.641500000000001,45.0255,48,9,4,19
7.641500000000001,45.088499999999996,56,9,4,19
7.727,45.0255,2,9,4,19
7.727,45.088499999999996,34,9,4,19
7.641500000000001,45.0255,42,9,4,20
7.641500000000001,45.088499999999996,47,9,4,20
7.727,45.0255,6,9,4,20
7.727,45.088499999999996,31,9,4,20
7.641500000000001,45.0255,37,9,4,21
7.641500000000001,45.088499999999996,38,9,4,21
7.727,45.0255,3,9,4,21
7.727,45.088499999999996,35,9,4,21
7.641500000000001,45.0255,33,9,4,22
7.641500000000001,45.088499999999996,38,9,4,22
7.727,45.0255,4,9,4,22
7.727,45.088499999999996,25,9,4,22
7.641500000000001,45.0255,20,9,4,23
7.641500000000001,45.088499999999996,30,9,4,23
7.727,45.0255,1,9,4,23
7.727,45.088499999999996,16,9,4,23
7.641500000000001,45.0255,10,10,5,0
7.641500000000001,45.088499999999996,19,10,5,0
7.727,45.0255,1,10,5,0
7.727,45.088499999999996,10,10,5,0
7.641500000000001,45.0255,10,10,5,1
7.641500000000001,45.088499999999996,8,10,5,1
7.727,45.0255,1,10,5,1
7.727,45.088499999999996,4,10,5,1
7.641500000000001,45.0255,11,10,5,2
7.641500000000001,45.088499999999996,7,10,5,2
7.727,45.0255,3,10,5,2
7.727,45.088499999999996,4,10,5,2
7.641500000000001,45.0255,5,10,5,3
7.641500000000001,45.088499999999996,7,10,5,3
7.727,45.088499999999996,2,10,5,3
7.641500000000001,45.0255,11,10,5,4
7.641500000000001,45.088499999999996,10,10,5,4
7.727,45.0255,4,10,5,4
7.727,45.088499999999996,10,10,5,4
7.641500000000001,45.0255,26,10,5,5
7.641500000000001,45.088499999999996,20,10,5,5
7.727,45.0255,2,10,5,5
7.727,45.088499999999996,16,10,5,5
7.641500000000001,45.0255,45,10,5,6
7.641500000000001,45.088499999999996,64,10,5,6
7.727,45.0255,8,10,5,6
7.727,45.088499999999996,25,10,5,6
7.641500000000001,45.0255,72,10,5,7
7.641500000000001,45.088499999999996,101,10,5,7
7.727,45.0255,8,10,5,7
7.727,45.088499999999996,44,10,5,7
7.641500000000001,45.0255,76,10,5,8
7.641500000000001,45.088499999999996,128,10,5,8
7.727,45.0255,16,10,5,8
7.727,45.088499999999996,77,10,5,8
7.641500000000001,45.0255,89,10,5,9
7.641500000000001,45.088499999999996,146,10,5,9
7.727,45.0255,10,10,5,9
7.727,45.088499999999996,82,10,5,9
7.641500000000001,45.0255,94,10,5,10
7.641500000000001,45.088499999999996,110,10,5,10
7.727,45.0255,11,10,5,10
7.727,45.088499999999996,66,10,5,10
7.641500000000001,45.0255,66,10,5,11
7.641500000000001,45.088499999999996,92,10,5,11
7.727,45.0255,9,10,5,11
7.727,45.088499999999996,44,10,5,11
7.641500000000001,45.0255,63,10,5,12
7.641500000000001,45.088499999999996,77,10,5,12
7.727,45.0255,9,10,5,12
7.727,45.088499999999996,51,10,5,12
7.641500000000001,45.0255,67,10,5,13
7.641500000000001,45.088499999999996,93,10,5,13
7.727,45.0255,4,10,5,13
7.727,45.088499999999996,47,10,5,13
7.641500000000001,45.0255,83,10,5,14
7.641500000000001,45.088499999999996,80,10,5,14
7.727,45.0255,16,10,5,14
7.727,45.088499999999996,59,10,5,14
7.641500000000001,45.0255,84,10,5,15
7.641500000000001,45.088499999999996,121,10,5,15
7.727,45.0255,15,10,5,15
7.727,45.088499999999996,63,10,5,15
7.641500000000001,45.0255,92,10,5,16
7.641500000000001,45.088499999999996,109,10,5,16
7.727,45.0255,17,10,5,16
7.727,45.088499999999996,65,10,5,16
7.641500000000001,45.0255,99,10,5,17
7.641500000000001,45.088499999999996,129,10,5,17
7.727,45.0255,25,10,5,17
7.727,45.088499999999996,62,10,5,17
7.641500000000001,45.0255,81,10,5,18
7.641500000000001,45.088499999999996,76,10,5,18
7.727,45.0255,7,10,5,18
7.727,45.088499999999996,38,10,5,18
7.641500000000001,45.0255,27,10,5,19
7.641500000000001,45.088499999999996,50,10,5,19
7.727,45.0255,7,10,5,19
7.727,45.088499999999996,26,10,5,19
7.641500000000001,45.0255,28,10,5,20
7.641500000000001,45.088499999999996,36,10,5,20
7.727,45.0255,6,10,5,20
7.727,45.088499999999996,33,10,5,20
7.641500000000001,45.0255,49,10,5,21
7.641500000000001,45.088499999999996,52,10,5,21
7.727,45.0255,10,10,5,21
7.727,45.088499999999996,39,10,5,21
7.641500000000001,45.0255,39,10,5,22
7.641500000000001,45.088499999999996,40,10,5,22
7.727,45.0255,8,10,5,22
7.727,45.088499999999996,39,10,5,22
7.641500000000001,45.0255,27,10,5,23
7.641500000000001,45.088499999999996,19,10,5,23
7.727,45.0255,6,10,5,23
7.727,45.088499999999996,21,10,5,23
7.641500000000001,45.0255,15,11,6,0
7.641500000000001,45.088499999999996,11,11,6,0
7.727,45.0255,3,11,6,0
7.727,45.088499999999996,22,11,6,0
7.641500000000001,45.0255,15,11,6,1
7.641500000000001,45.088499999999996,8,11,6,1
7.727,45.088499999999996,4,11,6,1
7.641500000000001,45.0255,10,11,6,2
7.641500000000001,45.088499999999996,7,11,6,2
7.727,45.088499999999996,9,11,6,2
7.641500000000001,45.0255,5,11,6,3
7.641500000000001,45.088499999999996,7,11,6,3
7.727,45.0255,1,11,6,3
7.727,45.088499999999996,6,11,6,3
7.641500000000001,45.0255,6,11,6,4
7.641500000000001,45.088499999999996,8,11,6,4
7.727,45.0255,2,11,6,4
7.727,45.088499999999996,3,11,6,4
7.641500000000001,45.0255,12,11,6,5
7.641500000000001,45.088499999999996,10,11,6,5
7.727,45.0255,2,11,6,5
7.727,45.088499999999996,8,11,6,5
7.641500000000001,45.0255,17,11,6,6
7.641500000000001,45.088499999999996,27,11,6,6
7.727,45.0255,5,11,6,6
7.727,45.088499999999996,8,11,6,6
7.641500000000001,45.0255,37,11,6,7
7.641500000000001,45.088499999999996,48,11,6,7
7.727,45.0255,5,11,6,7
7.727,45.088499999999996,35,11,6,7
7.641500000000001,45.0255,53,11,6,8
7.641500000000001,45.088499999999996,72,11,6,8
7.727,45.0255,11,11,6,8
7.727,45.088499999999996,48,11,6,8
7.641500000000001,45.0255,56,11,6,9
7.641500000000001,45.088499999999996,91,11,6,9
7.727,45.0255,13,11,6,9
7.727,45.088499999999996,53,11,6,9
7.641500000000001,45.0255,53,11,6,10
7.641500000000001,45.088499999999996,78,11,6,10
7.727,45.0255,11,11,6,10
7.727,45.088499999999996,54,11,6,10
7.641500000000001,45.0255,26,11,6,11
7.641500000000001,45.088499999999996,33,11,6,11
7.727,45.0255,5,11,6,11
7.727,45.088499999999996,22,11,6,11
7.641500000000001,45.0255,29,11,6,12
7.641500000000001,45.088499999999996,46,11,6,12
7.727,45.0255,6,11,6,12
7.727,45.088499999999996,25,11,6,12
7.641500000000001,45.0255,43,11,6,13
7.641500000000001,45.088499999999996,50,11,6,13
7.727,45.0255,10,11,6,13
7.727,45.088499999999996,37,11,6,13
7.641500000000001,45.0255,52,11,6,14
7.641500000000001,45.088499999999996,69,11,6,14
7.727,45.0255,9,11,6,14
7.727,45.088499999999996,39,11,6,14
7.641500000000001,45.0255,61,11,6,15
7.641500000000001,45.088499999999996,58,11,6,15
7.727,45.0255,15,11,6,15
7.727,45.088499999999996,36,11,6,15
7.641500000000001,45.0255,75,11,6,16
7.641500000000001,45.088499999999996,78,11,6,16
7.727,45.0255,17,11,6,16
7.727,45.088499999999996,48,11,6,16
7.641500000000001,45.0255,68,11,6,17
7.641500000000001,45.088499999999996,83,11,6,17
7.727,45.0255,18,11,6,17
7.727,45.088499999999996,59,11,6,17
7.641500000000001,45.0255,47,11,6,18
7.641500000000001,45.088499999999996,56,11,6,18
7.727,45.0255,4,11,6,18
7.727,45.088499999999996,28,11,6,18
7.641500000000001,45.0255,40,11,6,19
7.641500000000001,45.088499999999996,37,11,6,19
7.727,45.0255,6,11,6,19
7.727,45.088499999999996,18,11,6,19
7.641500000000001,45.0255,33,11,6,20
7.641500000000001,45.088499999999996,46,11,6,20
7.727,45.0255,5,11,6,20
7.727,45.088499999999996,23,11,6,20
7.641500000000001,45.0255,32,11,6,21
7.641500000000001,45.088499999999996,34,11,6,21
7.727,45.0255,5,11,6,21
7.727,45.088499999999996,26,11,6,21
7.641500000000001,45.0255,14,11,6,22
7.641500000000001,45.088499999999996,24,11,6,22
7.727,45.0255,4,11,6,22
7.727,45.088499999999996,14,11,6,22
7.641500000000001,45.0255,6,11,6,23
7.641500000000001,45.088499999999996,9,11,6,23
7.727,45.0255,1,11,6,23
7.727,45.088499999999996,4,11,6,23
7.641500000000001,45.0255,5,12,0,0
7.641500000000001,45.088499999999996,3,12,0,0
7.727,45.088499999999996,3,12,0,0
7.641500000000001,45.0255,1,12,0,1
7.641500000000001,45.088499999999996,3,12,0,1
7.727,45.088499999999996,1,12,0,1
7.641500000000001,45.0255,1,12,0,2
7.641500000000001,45.088499999999996,1,12,0,2
7.727,45.088499999999996,1,12,0,2
7.641500000000001,45.0255,6,12,0,3
7.641500000000001,45.088499999999996,8,12,0,3
7.727,45.0255,1,12,0,3
7.727,45.088499999999996,6,12,0,3
7.641500000000001,45.0255,15,12,0,4
7.641500000000001,45.088499999999996,14,12,0,4
7.727,45.0255,2,12,0,4
7.727,45.088499999999996,9,12,0,4
7.641500000000001,45.0255,41,12,0,5
7.641500000000001,45.088499999999996,63,12,0,5
7.727,45.0255,11,12,0,5
7.727,45.088499999999996,40,12,0,5
7.641500000000001,45.0255,97,12,0,6
7.641500000000001,45.088499999999996,119,12,0,6
7.727,45.0255,19,12,0,6
7.727,45.088499999999996,76,12,0,6
7.641500000000001,45.0255,76,12,0,7
7.641500000000001,45.088499999999996,118,12,0,7
7.727,45.0255,10,12,0,7
7.727,45.088499999999996,58,12,0,7
7.641500000000001,45.0255,81,12,0,8
7.641500000000001,45.088499999999996,105,12,0,8
7.727,45.0255,11,12,0,8
7.727,45.088499999999996,48,12,0,8
7.641500000000001,45.0255,92,12,0,9
7.641500000000001,45.088499999999996,104,12,0,9
7.727,45.0255,13,12,0,9
7.727,45.088499999999996,72,12,0,9
7.641500000000001,45.0255,57,12,0,10
7.641500000000001,45.088499999999996,108,12,0,10
7.727,45.0255,12,12,0,10
7.727,45.088499999999996,49,12,0,10
7.641500000000001,45.0255,61,12,0,11
7.641500000000001,45.088499999999996,87,12,0,11
7.727,45.0255,12,12,0,11
7.727,45.088499999999996,43,12,0,11
7.641500000000001,45.0255,64,12,0,12
7.641500000000001,45.088499999999996,87,12,0,12
7.727,45.0255,13,12,0,12
7.727,45.088499999999996,42,12,0,12
7.641500000000001,45.0255,74,12,0,13
7.641500000000001,45.088499999999996,85,12,0,13
7.727,45.0255,9,12,0,13
7.727,45.088499999999996,53,12,0,13
7.641500000000001,45.0255,99,12,0,14
7.641500000000001,45.088499999999996,116,12,0,14
7.727,45.0255,13,12,0,14
7.727,45.088499999999996,78,12,0,14
7.641500000000001,45.0255,141,12,0,15
7.641500000000001,45.088499999999996,179,12,0,15
7.727,45.0255,16,12,0,15
7.727,45.088499999999996,68,12,0,15
7.641500000000001,45.0255,138,12,0,16
7.641500000000001,45.088499999999996,174,12,0,16
7.727,45.0255,12,12,0,16
7.727,45.088499999999996,102,12,0,16
7.641500000000001,45.0255,96,12,0,17
7.641500000000001,45.088499999999996,138,12,0,17
7.727,45.0255,17,12,0,17
7.727,45.088499999999996,76,12,0,17
7.641500000000001,45.0255,63,12,0,18
7.641500000000001,45.088499999999996,69,12,0,18
7.727,45.0255,7,12,0,18
7.727,45.088499999999996,32,12,0,18
7.641500000000001,45.0255,23,12,0,19
7.641500000000001,45.088499999999996,43,12,0,19
7.727,45.0255,4,12,0,19
7.727,45.088499999999996,18,12,0,19
7.641500000000001,45.0255,32,12,0,20
7.641500000000001,45.088499999999996,32,12,0,20
7.727,45.0255,1,12,0,20
7.727,45.088499999999996,24,12,0,20
7.641500000000001,45.0255,23,12,0,21
7.641500000000001,45.088499999999996,27,12,0,21
7.727,45.0255,2,12,0,21
7.727,45.088499999999996,21,12,0,21
7.641500000000001,45.0255,9,12,0,22
7.641500000000001,45.088499999999996,20,12,0,22
7.727,45.088499999999996,12,12,0,22
7.641500000000001,45.0255,3,12,0,23
7.641500000000001,45.088499999999996,9,12,0,23
7.727,45.088499999999996,3,12,0,23
7.641500000000001,45.088499999999996,2,13,1,0
7.727,45.0255,1,13,1,0
7.727,45.088499999999996,1,13,1,0
7.641500000000001,45.0255,2,13,1,1
7.727,45.0255,1,13,1,1
7.727,45.088499999999996,1,13,1,1
7.641500000000001,45.0255,2,13,1,2
7.641500000000001,45.088499999999996,2,13,1,2
7.727,45.088499999999996,1,13,1,2
7.641500000000001,45.0255,9,13,1,3
7.641500000000001,45.088499999999996,9,13,1,3
7.727,45.0255,1,13,1,3
7.727,45.088499999999996,6,13,1,3
7.641500000000001,45.0255,18,13,1,4
7.641500000000001,45.088499999999996,15,13,1,4
7.727,45.0255,2,13,1,4
7.727,45.088499999999996,8,13,1,4
7.641500000000001,45.0255,54,13,1,5
7.641500000000001,45.088499999999996,72,13,1,5
7.727,45.0255,8,13,1,5
7.727,45.088499999999996,42,13,1,5
7.641500000000001,45.0255,116,13,1,6
7.641500000000001,45.088499999999996,132,13,1,6
7.727,45.0255,30,13,1,6
7.727,45.088499999999996,71,13,1,6
7.641500000000001,45.0255,95,13,1,7
7.641500000000001,45.088499999999996,123,13,1,7
7.727,45.0255,23,13,1,7
7.727,45.088499999999996,64,13,1,7
7.641500000000001,45.0255,92,13,1,8
7.641500000000001,45.088499999999996,125,13,1,8
7.727,45.0255,14,13,1,8
7.727,45.088499999999996,56,13,1,8
7.641500000000001,45.0255,100,13,1,9
7.641500000000001,45.088499999999996,136,13,1,9
7.727,45.0255,13,13,1,9
7.727,45.088499999999996,59,13,1,9
7.641500000000001,45.0255,96,13,1,10
7.641500000000001,45.088499999999996,101,13,1,10
7.727,45.0255,7,13,1,10
7.727,45.088499999999996,61,13,1,10
7.641500000000001,45.0255,67,13,1,11
7.641500000000001,45.088499999999996,77,13,1,11
7.727,45.0255,13,13,1,11
7.727,45.088499999999996,48,13,1,11
7.641500000000001,45.0255,62,13,1,12
7.641500000000001,45.088499999999996,92,13,1,12
7.727,45.0255,5,13,1,12
7.727,45.088499999999996,53,13,1,12
7.641500000000001,45.0255,85,13,1,13
7.641500000000001,45.088499999999996,105,13,1,13
7.727,45.0255,15,13,1,13
7.727,45.088499999999996,59,13,1,13
7.641500000000001,45.0255,104,13,1,14
7.641500000000001,45.088499999999996,130,13,1,14
7.727,45.0255,16,13,1,14
7.727,45.088499999999996,67,13,1,14
7.641500000000001,45.0255,141,13,1,15
7.641500000000001,45.088499999999996,157,13,1,15
7.727,45.0255,24,13,1,15
7.727,45.088499999999996,86,13,1,15
7.641500000000001,45.0255,162,13,1,16
7.641500000000001,45.088499999999996,175,13,1,16
7.727,45.0255,22,13,1,16
7.727,45.088499999999996,134,13,1,16
7.641500000000001,45.0255,111,13,1,17
7.641500000000001,45.088499999999996,166,13,1,17
7.727,45.0255,13,13,1,17
7.727,45.088499999999996,77,13,1,17
7.641500000000001,45.0255,54,13,1,18
7.641500000000001,45.088499999999996,78,13,1,18
7.727,45.0255,7,13,1,18
7.727,45.088499999999996,35,13,1,18
7.641500000000001,45.0255,29,13,1,19
7.641500000000001,45.088499999999996,41,13,1,19
7.727,45.0255,2,13,1,19
7.727,45.088499999999996,23,13,1,19
7.641500000000001,45.0255,32,13,1,20
7.641500000000001,45.088499999999996,32,13,1,20
7.727,45.0255,8,13,1,20
7.727,45.088499999999996,23,13,1,20
7.641500000000001,45.0255,15,13,1,21
7.641500000000001,45.088499999999996,46,13,1,21
7.727,45.0255,7,13,1,21
7.727,45.088499999999996,31,13,1,21
7.641500000000001,45.0255,17,13,1,22
7.641500000000001,45.088499999999996,12,13,1,22
7.727,45.0255,2,13,1,22
7.727,45.088499999999996,9,13,1,22
7.641500000000001,45.0255,6,13,1,23
7.641500000000001,45.088499999999996,7,13,1,23
7.727,45.088499999999996,4,13,1,23
7.641500000000001,45.0255,2,14,2,0
7.641500000000001,45.088499999999996,1,14,2,0
7.727,45.088499999999996,1,14,2,0
7.641500000000001,45.0255,1,14,2,1
7.727,45.088499999999996,1,14,2,1
7.641500000000001,45.0255,2,14,2,2
7.641500000000001,45.088499999999996,2,14,2,2
7.727,45.088499999999996,4,14,2,2
7.641500000000001,45.0255,3,14,2,3
7.641500000000001,45.088499999999996,12,14,2,3
7.727,45.0255,1,14,2,3
7.727,45.088499999999996,3,14,2,3
7.641500000000001,45.0255,8,14,2,4
7.641500000000001,45.088499999999996,14,14,2,4
7.727,45.0255,1,14,2,4
7.727,45.088499999999996,6,14,2,4
7.641500000000001,45.0255,73,14,2,5
7.641500000000001,45.088499999999996,75,14,2,5
7.727,45.0255,9,14,2,5
7.727,45.088499999999996,35,14,2,5
7.641500000000001,45.0255,103,14,2,6
7.641500000000001,45.088499999999996,129,14,2,6
7.727,45.0255,27,14,2,6
7.727,45.088499999999996,74,14,2,6
7.641500000000001,45.0255,109,14,2,7
7.641500000000001,45.088499999999996,114,14,2,7
7.727,45.0255,25,14,2,7
7.727,45.088499999999996,68,14,2,7
7.641500000000001,45.0255,104,14,2,8
7.641500000000001,45.088499999999996,116,14,2,8
7.727,45.0255,11,14,2,8
7.727,45.088499999999996,60,14,2,8
7.641500000000001,45.0255,85,14,2,9
7.641500000000001,45.088499999999996,95,14,2,9
7.727,45.0255,14,14,2,9
7.727,45.088499999999996,67,14,2,9
7.641500000000001,45.0255,101,14,2,10
7.641500000000001,45.088499999999996,103,14,2,10
7.727,45.0255,15,14,2,10
7.727,45.088499999999996,46,14,2,10
7.641500000000001,45.0255,46,14,2,11
7.641500000000001,45.088499999999996,92,14,2,11
7.727,45.0255,15,14,2,11
7.727,45.088499999999996,45,14,2,11
7.641500000000001,45.0255,77,14,2,12
7.641500000000001,45.088499999999996,96,14,2,12
7.727,45.0255,7,14,2,12
7.727,45.088499999999996,51,14,2,12
7.641500000000001,45.0255,84,14,2,13
7.641500000000001,45.088499999999996,90,14,2,13
7.727,45.0255,13,14,2,13
7.727,45.088499999999996,60,14,2,13
7.641500000000001,45.0255,99,14,2,14
7.641500000000001,45.088499999999996,133,14,2,14
7.727,45.0255,16,14,2,14
7.727,45.088499999999996,73,14,2,14
7.641500000000001,45.0255,124,14,2,15
7.641500000000001,45.088499999999996,182,14,2,15
7.727,45.0255,20,14,2,15
7.727,45.088499999999996,102,14,2,15
7.641500000000001,45.0255,133,14,2,16
7.641500000000001,45.088499999999996,183,14,2,16
7.727,45.0255,22,14,2,16
7.727,45.088499999999996,102,14,2,16
7.641500000000001,45.0255,88,14,2,17
7.641500000000001,45.088499999999996,150,14,2,17
7.727,45.0255,10,14,2,17
7.727,45.088499999999996,67,14,2,17
7.641500000000001,45.0255,73,14,2,18
7.641500000000001,45.088499999999996,93,14,2,18
7.727,45.0255,13,14,2,18
7.727,45.088499999999996,37,14,2,18
7.641500000000001,45.0255,27,14,2,19
7.641500000000001,45.088499999999996,45,14,2,19
7.727,45.0255,1,14,2,19
7.727,45.088499999999996,13,14,2,19
7.641500000000001,45.0255,44,14,2,20
7.641500000000001,45.088499999999996,33,14,2,20
7.727,45.0255,4,14,2,20
7.727,45.088499999999996,24,14,2,20
7.641500000000001,45.0255,20,14,2,21
7.641500000000001,45.088499999999996,41,14,2,21
7.727,45.0255,7,14,2,21
7.727,45.088499999999996,28,14,2,21
7.641500000000001,45.0255,17,14,2,22
7.641500000000001,45.088499999999996,20,14,2,22
7.727,45.0255,3,14,2,22
7.727,45.088499999999996,7,14,2,22
7.641500000000001,45.0255,5,14,2,23
7.641500000000001,45.088499999999996,13,14,2,23
7.727,45.0255,2,14,2,23
7.727,45.088499999999996,4,14,2,23
7.641500000000001,45.0255,5,15,3,0
7.641500000000001,45.088499999999996,1,15,3,0
7.641500000000001,45.088499999999996,2,15,3,1
7.641500000000001,45.0255,1,15,3,2
7.641500000000001,45.088499999999996,2,15,3,2
7.727,45.088499999999996,3,15,3,2
7.641500000000001,45.0255,8,15,3,3
7.641500000000001,45.088499999999996,9,15,3,3
7.727,45.0255,2,15,3,3
7.727,45.088499999999996,2,15,3,3
7.641500000000001,45.0255,12,15,3,4
7.641500000000001,45.088499999999996,14,15,3,4
7.727,45.0255,3,15,3,4
7.727,45.088499999999996,5,15,3,4
7.641500000000001,45.0255,57,15,3,5
7.641500000000001,45.088499999999996,78,15,3,5
7.727,45.0255,13,15,3,5
7.727,45.088499999999996,38,15,3,5
7.641500000000001,45.0255,105,15,3,6
7.641500000000001,45.088499999999996,131,15,3,6
7.727,45.0255,26,15,3,6
7.727,45.088499999999996,71,15,3,6
7.641500000000001,45.0255,103,15,3,7
7.641500000000001,45.088499999999996,113,15,3,7
7.727,45.0255,23,15,3,7
7.727,45.088499999999996,68,15,3,7
7.641500000000001,45.0255,83,15,3,8
7.641500000000001,45.088499999999996,109,15,3,8
7.727,45.0255,11,15,3,8
7.727,45.088499999999996,60,15,3,8
7.641500000000001,45.0255,88,15,3,9
7.641500000000001,45.088499999999996,126,15,3,9
7.727,45.0255,14,15,3,9
7.727,45.088499999999996,58,15,3,9
7.641500000000001,45.0255,90,15,3,10
7.641500000000001,45.088499999999996,121,15,3,10
7.727,45.0255,11,15,3,10
7.727,45.088499999999996,54,15,3,10
7.641500000000001,45.0255,73,15,3,11
7.641500000000001,45.088499999999996,73,15,3,11
7.727,45.0255,9,15,3,11
7.727,45.088499999999996,55,15,3,11
7.641500000000001,45.0255,62,15,3,12
7.641500000000001,45.088499999999996,108,15,3,12
7.727,45.0255,12,15,3,12
7.727,45.088499999999996,69,15,3,12
7.641500000000001,45.0255,96,15,3,13
7.641500000000001,45.088499999999996,109,15,3,13
7.727,45.0255,15,15,3,13
7.727,45.088499999999996,65,15,3,13
7.641500000000001,45.0255,107,15,3,14
7.641500000000001,45.088499999999996,133,15,3,14
7.727,45.0255,11,15,3,14
7.727,45.088499999999996,59,15,3,14
7.641500000000001,45.0255,136,15,3,15
7.641500000000001,45.088499999999996,175,15,3,15
7.727,45.0255,17,15,3,15
7.727,45.088499999999996,101,15,3,15
7.641500000000001,45.0255,148,15,3,16
7.641500000000001,45.088499999999996,205,15,3,16
7.727,45.0255,24,15,3,16
7.727,45.088499999999996,110,15,3,16
7.641500000000001,45.0255,121,15,3,17
7.641500000000001,45.088499999999996,170,15,3,17
7.727,45.0255,18,15,3,17
7.727,45.088499999999996,82,15,3,17
7.641500000000001,45.0255,69,15,3,18
7.641500000000001,45.088499999999996,73,15,3,18
7.727,45.0255,9,15,3,18
7.727,45.088499999999996,40,15,3,18
7.641500000000001,45.0255,27,15,3,19
7.641500000000001,45.088499999999996,50,15,3,19
7.727,45.0255,5,15,3,19
7.727,45.088499999999996,23,15,3,19
7.641500000000001,45.0255,37,15,3,20
7.641500000000001,45.088499999999996,45,15,3,20
7.727,45.0255,7,15,3,20
7.727,45.088499999999996,27,15,3,20
7.641500000000001,45.0255,22,15,3,21
7.641500000000001,45.088499999999996,38,15,3,21
7.727,45.0255,4,15,3,21
7.727,45.088499999999996,29,15,3,21
7.641500000000001,45.0255,27,15,3,22
7.641500000000001,45.088499999999996,29,15,3,22
7.727,45.0255,2,15,3,22
7.727,45.088499999999996,15,15,3,22
7.641500000000001,45.0255,10,15,3,23
7.641500000000001,45.088499999999996,6,15,3,23
7.727,45.0255,1,15,3,23
7.727,45.088499999999996,8,15,3,23
7.641500000000001,45.0255,3,16,4,0
7.641500000000001,45.088499999999996,6,16,4,0
7.727,45.0255,1,16,4,0
7.641500000000001,45.0255,3,16,4,1
7.641500000000001,45.088499999999996,7,16,4,1
7.727,45.088499999999996,1,16,4,1
7.641500000000001,45.0255,4,16,4,2
7.641500000000001,45.088499999999996,1,16,4,2
7.727,45.088499999999996,3,16,4,2
7.641500000000001,45.0255,10,16,4,3
7.641500000000001,45.088499999999996,14,16,4,3
7.727,45.0255,1,16,4,3
7.727,45.088499999999996,5,16,4,3
7.641500000000001,45.0255,18,16,4,4
7.641500000000001,45.088499999999996,12,16,4,4
7.727,45.0255,2,16,4,4
7.727,45.088499999999996,9,16,4,4
7.641500000000001,45.0255,61,16,4,5
7.641500000000001,45.088499999999996,75,16,4,5
7.727,45.0255,11,16,4,5
7.727,45.088499999999996,47,16,4,5
7.641500000000001,45.0255,98,16,4,6
7.641500000000001,45.088499999999996,133,16,4,6
7.727,45.0255,19,16,4,6
7.727,45.088499999999996,71,16,4,6
7.641500000000001,45.0255,100,16,4,7
7.641500000000001,45.088499999999996,143,16,4,7
7.727,45.0255,19,16,4,7
7.727,45.088499999999996,69,16,4,7
7.641500000000001,45.0255,84,16,4,8
7.641500000000001,45.088499999999996,111,16,4,8
7.727,45.0255,14,16,4,8
7.727,45.088499999999996,57,16,4,8
7.641500000000001,45.0255,88,16,4,9
7.641500000000001,45.088499999999996,142,16,4,9
7.727,45.0255,6,16,4,9
7.727,45.088499999999996,67,16,4,9
7.641500000000001,45.0255,100,16,4,10
7.641500000000001,45.088499999999996,116,16,4,10
7.727,45.0255,10,16,4,10
7.727,45.088499999999996,63,16,4,10
7.641500000000001,45.0255,93,16,4,11
7.641500000000001,45.088499999999996,101,16,4,11
7.727,45.0255,12,16,4,11
7.727,45.088499999999996,54,16,4,11
7.641500000000001,45.0255,81,16,4,12
7.641500000000001,45.088499999999996,91,16,4,12
7.727,45.0255,12,16,4,12
7.727,45.088499999999996,55,16,4,12
7.641500000000001,45.0255,104,16,4,13
7.641500000000001,45.088499999999996,99,16,4,13
7.727,45.0255,8,16,4,13
7.727,45.088499999999996,53,16,4,13
7.641500000000001,45.0255,95,16,4,14
7.641500000000001,45.088499999999996,134,16,4,14
7.727,45.0255,16,16,4,14
7.727,45.088499999999996,71,16,4,14
7.641500000000001,45.0255,148,16,4,15
7.641500000000001,45.088499999999996,162,16,4,15
7.727,45.0255,22,16,4,15
7.727,45.088499999999996,86,16,4,15
7.641500000000001,45.0255,133,16,4,16
7.641500000000001,45.088499999999996,169,16,4,16
7.727,45.0255,24,16,4,16
7.727,45.088499999999996,101,16,4,16
7.641500000000001,45.0255,102,16,4,17
7.641500000000001,45.088499999999996,154,16,4,17
7.727,45.0255,19,16,4,17
7.727,45.088499999999996,81,16,4,17
7.641500000000001,45.0255,86,16,4,18
7.641500000000001,45.088499999999996,78,16,4,18
7.727,45.0255,9,16,4,18
7.727,45.088499999999996,34,16,4,18
7.641500000000001,45.0255,30,16,4,19
7.641500000000001,45.088499999999996,62,16,4,19
7.727,45.0255,9,16,4,19
7.727,45.088499999999996,19,16,4,19
7.641500000000001,45.0255,56,16,4,20
7.641500000000001,45.088499999999996,44,16,4,20
7.727,45.0255,6,16,4,20
7.727,45.088499999999996,35,16,4,20
7.641500000000001,45.0255,37,16,4,21
7.641500000000001,45.088499999999996,42,16,4,21
7.727,45.0255,8,16,4,21
7.727,45.088499999999996,32,16,4,21
7.641500000000001,45.0255,34,16,4,22
7.641500000000001,45.088499999999996,33,16,4,22
7.727,45.0255,5,16,4,22
7.727,45.088499999999996,21,16,4,22
7.641500000000001,45.0255,15,16,4,23
7.641500000000001,45.088499999999996,17,16,4,23
7.727,45.0255,4,16,4,23
7.727,45.088499999999996,16,16,4,23
7.641500000000001,45.0255,16,17,5,0
7.641500000000001,45.088499999999996,12,17,5,0
7.727,45.0255,5,17,5,0
7.727,45.088499999999996,11,17,5,0
7.641500000000001,45.0255,17,17,5,1
7.641500000000001,45.088499999999996,6,17,5,1
7.727,45.088499999999996,3,17,5,1
7.641500000000001,45.0255,4,17,5,2
7.641500000000001,45.088499999999996,6,17,5,2
7.727,45.0255,1,17,5,2
7.727,45.088499999999996,6,17,5,2
7.641500000000001,45.0255,4,17,5,3
7.641500000000001,45.088499999999996,5,17,5,3
7.727,45.0255,1,17,5,3
7.727,45.088499999999996,11,17,5,3
7.641500000000001,45.0255,12,17,5,4
7.641500000000001,45.088499999999996,10,17,5,4
7.727,45.0255,3,17,5,4
7.727,45.088499999999996,3,17,5,4
7.641500000000001,45.0255,27,17,5,5
7.641500000000001,45.088499999999996,21,17,5,5
7.727,45.0255,1,17,5,5
7.727,45.088499999999996,12,17,5,5
7.641500000000001,45.0255,45,17,5,6
7.641500000000001,45.088499999999996,62,17,5,6
7.727,45.0255,8,17,5,6
7.727,45.088499999999996,17,17,5,6
7.641500000000001,45.0255,71,17,5,7
7.641500000000001,45.088499999999996,97,17,5,7
7.727,45.0255,9,17,5,7
7.727,45.088499999999996,57,17,5,7
7.641500000000001,45.0255,102,17,5,8
7.641500000000001,45.088499999999996,126,17,5,8
7.727,45.0255,19,17,5,8
7.727,45.088499999999996,59,17,5,8
7.641500000000001,45.0255,96,17,5,9
7.641500000000001,45.088499999999996,113,17,5,9
7.727,45.0255,13,17,5,9
7.727,45.088499999999996,61,17,5,9
7.641500000000001,45.0255,95,17,5,10
7.641500000000001,45.088499999999996,109,17,5,10
7.727,45.0255,15,17,5,10
7.727,45.088499999999996,61,17,5,10
7.641500000000001,45.0255,53,17,5,11
7.641500000000001,45.088499999999996,61,17,5,11
7.727,45.0255,4,17,5,11
7.727,45.088499999999996,30,17,5,11
7.641500000000001,45.0255,53,17,5,12
7.641500000000001,45.088499999999996,56,17,5,12
7.727,45.0255,12,17,5,12
7.727,45.088499999999996,40,17,5,12
7.641500000000001,45.0255,63,17,5,13
7.641500000000001,45.088499999999996,85,17,5,13
7.727,45.0255,9,17,5,13
7.727,45.088499999999996,51,17,5,13
7.641500000000001,45.0255,68,17,5,14
7.641500000000001,45.088499999999996,82,17,5,14
7.727,45.0255,9,17,5,14
7.727,45.088499999999996,33,17,5,14
7.641500000000001,45.0255,77,17,5,15
7.641500000000001,45.088499999999996,118,17,5,15
7.727,45.0255,15,17,5,15
7.727,45.088499999999996,56,17,5,15
7.641500000000001,45.0255,91,17,5,16
7.641500000000001,45.088499999999996,93,17,5,16
7.727,45.0255,8,17,5,16
7.727,45.088499999999996,49,17,5,16
7.641500000000001,45.0255,82,17,5,17
7.641500000000001,45.088499999999996,112,17,5,17
7.727,45.0255,11,17,5,17
7.727,45.088499999999996,56,17,5,17
7.641500000000001,45.0255,62,17,5,18
7.641500000000001,45.088499999999996,85,17,5,18
7.727,45.0255,18,17,5,18
7.727,45.088499999999996,40,17,5,18
7.641500000000001,45.0255,44,17,5,19
7.641500000000001,45.088499999999996,53,17,5,19
7.727,45.0255,7,17,5,19
7.727,45.088499999999996,19,17,5,19
7.641500000000001,45.0255,39,17,5,20
7.641500000000001,45.088499999999996,45,17,5,20
7.727,45.0255,10,17,5,20
7.727,45.088499999999996,22,17,5,20
7.641500000000001,45.0255,49,17,5,21
7.641500000000001,45.088499999999996,54,17,5,21
7.727,45.0255,6,17,5,21
7.727,45.088499999999996,41,17,5,21
7.641500000000001,45.0255,35,17,5,22
7.641500000000001,45.088499999999996,38,17,5,22
7.727,45.0255,9,17,5,22
7.727,45.088499999999996,31,17,5,22
7.641500000000001,45.0255,20,17,5,23
7.641500000000001,45.088499999999996,25,17,5,23
7.727,45.0255,4,17,5,23
7.727,45.088499999999996,20,17,5,23
7.641500000000001,45.0255,14,18,6,0
7.641500000000001,45.088499999999996,14,18,6,0
7.727,45.0255,2,18,6,0
7.727,45.088499999999996,24,18,6,0
7.641500000000001,45.0255,5,18,6,1
7.641500000000001,45.088499999999996,9,18,6,1
7.727,45.0255,2,18,6,1
7.727,45.088499999999996,11,18,6,1
7.641500000000001,45.0255,11,18,6,2
7.641500000000001,45.088499999999996,2,18,6,2
7.727,45.0255,1,18,6,2
7.727,45.088499999999996,4,18,6,2
7.641500000000001,45.0255,3,18,6,3
7.641500000000001,45.088499999999996,10,18,6,3
7.727,45.0255,2,18,6,3
7.727,45.088499999999996,5,18,6,3
7.641500000000001,45.0255,4,18,6,4
7.641500000000001,45.088499999999996,6,18,6,4
7.727,45.088499999999996,2,18,6,4
7.641500000000001,45.0255,7,18,6,5
7.641500000000001,45.088499999999996,10,18,6,5
7.727,45.0255,1,18,6,5
7.727,45.088499999999996,9,18,6,5
7.641500000000001,45.0255,19,18,6,6
7.641500000000001,45.088499999999996,27,18,6,6
7.727,45.0255,2,18,6,6
7.727,45.088499999999996,20,18,6,6
7.641500000000001,45.0255,37,18,6,7
7.641500000000001,45.088499999999996,44,18,6,7
7.727,45.0255,5,18,6,7
7.727,45.088499999999996,32,18,6,7
7.641500000000001,45.0255,54,18,6,8
7.641500000000001,45.088499999999996,69,18,6,8
7.727,45.0255,6,18,6,8
7.727,45.088499999999996,42,18,6,8
7.641500000000001,45.0255,57,18,6,9
7.641500000000001,45.088499999999996,64,18,6,9
7.727,45.0255,12,18,6,9
7.727,45.088499999999996,43,18,6,9
7.641500000000001,45.0255,40,18,6,10
7.641500000000001,45.088499999999996,61,18,6,10
7.727,45.0255,10,18,6,10
7.727,45.088499999999996,24,18,6,10
7.641500000000001,45.0255,27,18,6,11
7.641500000000001,45.088499999999996,28,18,6,11
7.727,45.0255,2,18,6,11
7.727,45.088499999999996,16,18,6,11
7.641500000000001,45.0255,39,18,6,12
7.641500000000001,45.088499999999996,29,18,6,12
7.727,45.0255,6,18,6,12
7.727,45.088499999999996,19,18,6,12
7.641500000000001,45.0255,36,18,6,13
7.641500000000001,45.088499999999996,50,18,6,13
7.727,45.0255,8,18,6,13
7.727,45.088499999999996,20,18,6,13
7.641500000000001,45.0255,46,18,6,14
7.641500000000001,45.088499999999996,49,18,6,14
7.727,45.0255,4,18,6,14
7.727,45.088499999999996,27,18,6,14
7.641500000000001,45.0255,47,18,6,15
7.641500000000001,45.088499999999996,63,18,6,15
7.727,45.0255,13,18,6,15
7.727,45.088499999999996,28,18,6,15
7.641500000000001,45.0255,65,18,6,16
7.641500000000001,45.088499999999996,61,18,6,16
7.727,45.0255,17,18,6,16
7.727,45.088499999999996,54,18,6,16
7.641500000000001,45.0255,63,18,6,17
7.641500000000001,45.088499999999996,65,18,6,17
7.727,45.0255,15,18,6,17
7.727,45.088499999999996,34,18,6,17
7.641500000000001,45.0255,42,18,6,18
7.641500000000001,45.088499999999996,53,18,6,18
7.727,45.0255,4,18,6,18
7.727,45.088499999999996,27,18,6,18
7.641500000000001,45.0255,30,18,6,19
7.641500000000001,45.088499999999996,38,18,6,19
7.727,45.0255,4,18,6,19
7.727,45.088499999999996,20,18,6,19
7.641500000000001,45.0255,28,18,6,20
7.641500000000001,45.088499999999996,45,18,6,20
7.727,45.0255,6,18,6,20
7.727,45.088499999999996,25,18,6,20
7.641500000000001,45.0255,35,18,6,21
7.641500000000001,45.088499999999996,42,18,6,21
7.727,45.0255,4,18,6,21
7.727,45.088499999999996,25,18,6,21
7.641500000000001,45.0255,13,18,6,22
7.641500000000001,45.088499999999996,18,18,6,22
7.727,45.0255,2,18,6,22
7.727,45.088499999999996,11,18,6,22
7.641500000000001,45.0255,9,18,6,23
7.641500000000001,45.088499999999996,8,18,6,23
7.727,45.088499999999996,2,18,6,23
7.641500000000001,45.0255,3,19,0,0
7.641500000000001,45.088499999999996,5,19,0,0
7.727,45.088499999999996,5,19,0,0
7.641500000000001,45.088499999999996,1,19,0,1
7.727,45.088499999999996,1,19,0,1
7.641500000000001,45.0255,3,19,0,2
7.641500000000001,45.088499999999996,2,19,0,2
7.727,45.088499999999996,5,19,0,2
7.641500000000001,45.0255,6,19,0,3
7.641500000000001,45.088499999999996,12,19,0,3
7.727,45.088499999999996,7,19,0,3
7.641500000000001,45.0255,11,19,0,4
7.641500000000001,45.088499999999996,15,19,0,4
7.727,45.0255,1,19,0,4
7.727,45.088499999999996,9,19,0,4
7.641500000000001,45.0255,52,19,0,5
7.641500000000001,45.088499999999996,64,19,0,5
7.727,45.0255,14,19,0,5
7.727,45.088499999999996,39,19,0,5
7.641500000000001,45.0255,81,19,0,6
7.641500000000001,45.088499999999996,137,19,0,6
7.727,45.0255,17,19,0,6
7.727,45.088499999999996,61,19,0,6
7.641500000000001,45.0255,73,19,0,7
7.641500000000001,45.088499999999996,104,19,0,7
7.727,45.0255,15,19,0,7
7.727,45.088499999999996,61,19,0,7
7.641500000000001,45.0255,73,19,0,8
7.641500000000001,45.088499999999996,122,19,0,8
7.727,45.0255,12,19,0,8
7.727,45.088499999999996,58,19,0,8
7.641500000000001,45.0255,78,19,0,9
7.641500000000001,45.088499999999996,103,19,0,9
7.727,45.0255,7,19,0,9
7.727,45.088499999999996,57,19,0,9
7.641500000000001,45.0255,61,19,0,10
7.641500000000001,45.088499999999996,100,19,0,10
7.727,45.0255,11,19,0,10
7.727,45.088499999999996,50,19,0,10
7.641500000000001,45.0255,66,19,0,11
7.641500000000001,45.088499999999996,95,19,0,11
7.727,45.0255,9,19,0,11
7.727,45.088499999999996,52,19,0,11
7.641500000000001,45.0255,74,19,0,12
7.641500000000001,45.088499999999996,85,19,0,12
7.727,45.0255,11,19,0,12
7.727,45.088499999999996,52,19,0,12
7.641500000000001,45.0255,81,19,0,13
7.641500000000001,45.088499999999996,93,19,0,13
7.727,45.0255,9,19,0,13
7.727,45.088499999999996,50,19,0,13
7.641500000000001,45.0255,101,19,0,14
7.641500000000001,45.088499999999996,122,19,0,14
7.727,45.0255,11,19,0,14
7.727,45.088499999999996,70,19,0,14
7.641500000000001,45.0255,138,19,0,15
7.641500000000001,45.088499999999996,178,19,0,15
7.727,45.0255,16,19,0,15
7.727,45.088499999999996,82,19,0,15
7.641500000000001,45.0255,137,19,0,16
7.641500000000001,45.088499999999996,199,19,0,16
7.727,45.0255,26,19,0,16
7.727,45.088499999999996,98,19,0,16
7.641500000000001,45.0255,106,19,0,17
7.641500000000001,45.088499999999996,154,19,0,17
7.727,45.0255,11,19,0,17
7.727,45.088499999999996,71,19,0,17
7.641500000000001,45.0255,62,19,0,18
7.641500000000001,45.088499999999996,66,19,0,18
7.727,45.0255,6,19,0,18
7.727,45.088499999999996,24,19,0,18
7.641500000000001,45.0255,26,19,0,19
7.641500000000001,45.088499999999996,53,19,0,19
7.727,45.0255,6,19,0,19
7.727,45.088499999999996,12,19,0,19
7.641500000000001,45.0255,24,19,0,20
7.641500000000001,45.088499999999996,35,19,0,20
7.727,45.0255,1,19,0,20
7.727,45.088499999999996,15,19,0,20
7.641500000000001,45.0255,21,19,0,21
7.641500000000001,45.088499999999996,31,19,0,21
7.727,45.0255,2,19,0,21
7.727,45.088499999999996,16,19,0,21
7.641500000000001,45.0255,30,19,0,22
7.641500000000001,45.088499999999996,22,19,0,22
7.727,45.0255,4,19,0,22
7.727,45.088499999999996,18,19,0,22
7.641500000000001,45.0255,3,19,0,23
7.641500000000001,45.088499999999996,7,19,0,23
7.727,45.088499999999996,9,19,0,23
7.641500000000001,45.0255,2,20,1,0
7.641500000000001,45.088499999999996,4,20,1,0
7.727,45.0255,1,20,1,0
7.727,45.088499999999996,1,20,1,0
7.641500000000001,45.0255,1,20,1,1
7.727,45.088499999999996,1,20,1,1
7.641500000000001,45.0255,1,20,1,2
7.641500000000001,45.088499999999996,2,20,1,2
7.641500000000001,45.0255,7,20,1,3
7.641500000000001,45.088499999999996,9,20,1,3
7.727,45.0255,1,20,1,3
7.727,45.088499999999996,6,20,1,3
7.641500000000001,45.0255,17,20,1,4
7.641500000000001,45.088499999999996,14,20,1,4
7.727,45.0255,2,20,1,4
7.727,45.088499999999996,6,20,1,4
7.641500000000001,45.0255,49,20,1,5
7.641500000000001,45.088499999999996,67,20,1,5
7.727,45.0255,12,20,1,5
7.727,45.088499999999996,40,20,1,5
7.641500000000001,45.0255,94,20,1,6
7.641500000000001,45.088499999999996,117,20,1,6
7.727,45.0255,17,20,1,6
7.727,45.088499999999996,72,20,1,6
7.641500000000001,45.0255,84,20,1,7
7.641500000000001,45.088499999999996,131,20,1,7
7.727,45.0255,15,20,1,7
7.727,45.088499999999996,75,20,1,7
7.641500000000001,45.0255,94,20,1,8
7.641500000000001,45.088499999999996,106,20,1,8
7.727,45.0255,11,20,1,8
7.727,45.088499999999996,57,20,1,8
7.641500000000001,45.0255,96,20,1,9
7.641500000000001,45.088499999999996,127,20,1,9
7.727,45.0255,8,20,1,9
7.727,45.088499999999996,45,20,1,9
7.641500000000001,45.0255,94,20,1,10
7.641500000000001,45.088499999999996,107,20,1,10
7.727,45.0255,9,20,1,10
7.727,45.088499999999996,62,20,1,10
7.641500000000001,45.0255,77,20,1,11
7.641500000000001,45.088499999999996,92,20,1,11
7.727,45.0255,10,20,1,11
7.727,45.088499999999996,53,20,1,11
7.641500000000001,45.0255,78,20,1,12
7.641500000000001,45.088499999999996,93,20,1,12
7.727,45.0255,7,20,1,12
7.727,45.088499999999996,60,20,1,12
7.641500000000001,45.0255,96,20,1,13
7.641500000000001,45.088499999999996,108,20,1,13
7.727,45.0255,9,20,1,13
7.727,45.088499999999996,63,20,1,13
7.641500000000001,45.0255,94,20,1,14
7.641500000000001,45.088499999999996,117,20,1,14
7.727,45.0255,9,20,1,14
7.727,45.088499999999996,70,20,1,14
7.641500000000001,45.0255,141,20,1,15
7.641500000000001,45.088499999999996,146,20,1,15
7.727,45.0255,16,20,1,15
7.727,45.088499999999996,77,20,1,15
7.641500000000001,45.0255,140,20,1,16
7.641500000000001,45.088499999999996,211,20,1,16
7.727,45.0255,28,20,1,16
7.727,45.088499999999996,119,20,1,16
7.641500000000001,45.0255,102,20,1,17
7.641500000000001,45.088499999999996,158,20,1,17
7.727,45.0255,17,20,1,17
7.727,45.088499999999996,73,20,1,17
7.641500000000001,45.0255,65,20,1,18
7.641500000000001,45.088499999999996,73,20,1,18
7.727,45.0255,10,20,1,18
7.727,45.088499999999996,34,20,1,18
7.641500000000001,45.0255,27,20,1,19
7.641500000000001,45.088499999999996,51,20,1,19
7.727,45.0255,10,20,1,19
7.727,45.088499999999996,20,20,1,19
7.641500000000001,45.0255,32,20,1,20
7.641500000000001,45.088499999999996,45,20,1,20
7.727,45.0255,9,20,1,20
7.727,45.088499999999996,22,20,1,20
7.641500000000001,45.0255,22,20,1,21
7.641500000000001,45.088499999999996,45,20,1,21
7.727,45.0255,3,20,1,21
7.727,45.088499999999996,14,20,1,21
7.641500000000001,45.0255,16,20,1,22
7.641500000000001,45.088499999999996,24,20,1,22
7.727,45.0255,1,20,1,22
7.727,45.088499999999996,9,20,1,22
7.641500000000001,45.0255,5,20,1,23
7.641500000000001,45.088499999999996,5,20,1,23
7.727,45.0255,1,20,1,23
7.727,45.088499999999996,3,20,1,23
7.641500000000001,45.0255,4,21,2,0
7.641500000000001,45.088499999999996,6,21,2,0
7.727,45.0255,1,21,2,0
7.727,45.088499999999996,3,21,2,0
7.641500000000001,45.0255,1,21,2,1
7.641500000000001,45.088499999999996,3,21,2,1
7.727,45.088499999999996,2,21,2,1
7.641500000000001,45.0255,1,21,2,2
7.641500000000001,45.088499999999996,2,21,2,2
7.727,45.088499999999996,3,21,2,2
7.641500000000001,45.0255,5,21,2,3
7.641500000000001,45.088499999999996,12,21,2,3
7.727,45.088499999999996,6,21,2,3
7.641500000000001,45.0255,10,21,2,4
7.641500000000001,45.088499999999996,14,21,2,4
7.727,45.0255,4,21,2,4
7.727,45.088499999999996,9,21,2,4
7.641500000000001,45.0255,62,21,2,5
7.641500000000001,45.088499999999996,78,21,2,5
7.727,45.0255,18,21,2,5
7.727,45.088499999999996,36,21,2,5
7.641500000000001,45.0255,108,21,2,6
7.641500000000001,45.088499999999996,119,21,2,6
7.727,45.0255,32,21,2,6
7.727,45.088499999999996,67,21,2,6
7.641500000000001,45.0255,88,21,2,7
7.641500000000001,45.088499999999996,102,21,2,7
7.727,45.0255,22,21,2,7
7.727,45.088499999999996,61,21,2,7
7.641500000000001,45.0255,95,21,2,8
7.641500000000001,45.088499999999996,107,21,2,8
7.727,45.0255,11,21,2,8
7.727,45.088499999999996,55,21,2,8
7.641500000000001,45.0255,87,21,2,9
7.641500000000001,45.088499999999996,112,21,2,9
7.727,45.0255,16,21,2,9
7.727,45.088499999999996,56,21,2,9
7.641500000000001,45.0255,93,21,2,10
7.641500000000001,45.088499999999996,111,21,2,10
7.727,45.0255,11,21,2,10
7.727,45.088499999999996,45,21,2,10
7.641500000000001,45.0255,66,21,2,11
7.641500000000001,45.088499999999996,96,21,2,11
7.727,45.0255,18,21,2,11
7.727,45.088499999999996,44,21,2,11
7.641500000000001,45.0255,102,21,2,12
7.641500000000001,45.088499999999996,82,21,2,12
7.727,45.0255,11,21,2,12
7.727,45.088499999999996,50,21,2,12
7.641500000000001,45.0255,86,21,2,13
7.641500000000001,45.088499999999996,119,21,2,13
7.727,45.0255,17,21,2,13
7.727,45.088499999999996,68,21,2,13
7.641500000000001,45.0255,100,21,2,14
7.641500000000001,45.088499999999996,141,21,2,14
7.727,45.0255,16,21,2,14
7.727,45.088499999999996,69,21,2,14
7.641500000000001,45.0255,138,21,2,15
7.641500000000001,45.088499999999996,178,21,2,15
7.727,45.0255,14,21,2,15
7.727,45.088499999999996,111,21,2,15
7.641500000000001,45.0255,130,21,2,16
7.641500000000001,45.088499999999996,198,21,2,16
7.727,45.0255,17,21,2,16
7.727,45.088499999999996,93,21,2,16
7.641500000000001,45.0255,109,21,2,17
7.641500000000001,45.088499999999996,155,21,2,17
7.727,45.0255,19,21,2,17
7.727,45.088499999999996,84,21,2,17
7.641500000000001,45.0255,70,21,2,18
7.641500000000001,45.088499999999996,71,21,2,18
7.727,45.0255,5,21,2,18
7.727,45.088499999999996,40,21,2,18
7.641500000000001,45.0255,37,21,2,19
7.641500000000001,45.088499999999996,44,21,2,19
7.727,45.0255,8,21,2,19
7.727,45.088499999999996,14,21,2,19
7.641500000000001,45.0255,36,21,2,20
7.641500000000001,45.088499999999996,30,21,2,20
7.727,45.0255,5,21,2,20
7.727,45.088499999999996,28,21,2,20
7.641500000000001,45.0255,31,21,2,21
7.641500000000001,45.088499999999996,37,21,2,21
7.727,45.0255,2,21,2,21
7.727,45.088499999999996,31,21,2,21
7.641500000000001,45.0255,44,21,2,22
7.641500000000001,45.088499999999996,22,21,2,22
7.727,45.0255,2,21,2,22
7.727,45.088499999999996,15,21,2,22
7.641500000000001,45.0255,14,21,2,23
7.641500000000001,45.088499999999996,10,21,2,23
7.727,45.0255,1,21,2,23
7.727,45.088499999999996,7,21,2,23
7.641500000000001,45.0255,6,22,3,0
7.641500000000001,45.088499999999996,4,22,3,0
7.727,45.0255,1,22,3,0
7.641500000000001,45.0255,4,22,3,1
7.641500000000001,45.088499999999996,2,22,3,1
7.727,45.0255,1,22,3,1
7.727,45.088499999999996,1,22,3,1
7.641500000000001,45.0255,2,22,3,2
7.641500000000001,45.088499999999996,3,22,3,2
7.727,45.088499999999996,1,22,3,2
7.641500000000001,45.0255,6,22,3,3
7.641500000000001,45.088499999999996,11,22,3,3
7.727,45.0255,1,22,3,3
7.727,45.088499999999996,4,22,3,3
7.641500000000001,45.0255,11,22,3,4
7.641500000000001,45.088499999999996,16,22,3,4
7.727,45.0255,4,22,3,4
7.727,45.088499999999996,7,22,3,4
7.641500000000001,45.0255,59,22,3,5
7.641500000000001,45.088499999999996,72,22,3,5
7.727,45.0255,11,22,3,5
7.727,45.088499999999996,51,22,3,5
7.641500000000001,45.0255,93,22,3,6
7.641500000000001,45.088499999999996,129,22,3,6
7.727,45.0255,20,22,3,6
7.727,45.088499999999996,81,22,3,6
7.641500000000001,45.0255,96,22,3,7
7.641500000000001,45.088499999999996,128,22,3,7
7.727,45.0255,15,22,3,7
7.727,45.088499999999996,55,22,3,7
7.641500000000001,45.0255,100,22,3,8
7.641500000000001,45.088499999999996,105,22,3,8
7.727,45.0255,16,22,3,8
7.727,45.088499999999996,55,22,3,8
7.641500000000001,45.0255,87,22,3,9
7.641500000000001,45.088499999999996,108,22,3,9
7.727,45.0255,9,22,3,9
7.727,45.088499999999996,51,22,3,9
7.641500000000001,45.0255,97,22,3,10
7.641500000000001,45.088499999999996,103,22,3,10
7.727,45.0255,10,22,3,10
7.727,45.088499999999996,56,22,3,10
7.641500000000001,45.0255,73,22,3,11
7.641500000000001,45.088499999999996,96,22,3,11
7.727,45.0255,19,22,3,11
7.727,45.088499999999996,44,22,3,11
7.641500000000001,45.0255,69,22,3,12
7.641500000000001,45.088499999999996,82,22,3,12
7.727,45.0255,13,22,3,12
7.727,45.088499999999996,54,22,3,12
7.641500000000001,45.0255,100,22,3,13
7.641500000000001,45.088499999999996,106,22,3,13
7.727,45.0255,15,22,3,13
7.727,45.088499999999996,58,22,3,13
7.641500000000001,45.0255,104,22,3,14
7.641500000000001,45.088499999999996,134,22,3,14
7.727,45.0255,16,22,3,14
7.727,45.088499999999996,60,22,3,14
7.641500000000001,45.0255,146,22,3,15
7.641500000000001,45.088499999999996,165,22,3,15
7.727,45.0255,14,22,3,15
7.727,45.088499999999996,79,22,3,15
7.641500000000001,45.0255,131,22,3,16
7.641500000000001,45.088499999999996,204,22,3,16
7.727,45.0255,27,22,3,16
7.727,45.088499999999996,99,22,3,16
7.641500000000001,45.0255,115,22,3,17
7.641500000000001,45.088499999999996,146,22,3,17
7.727,45.0255,13,22,3,17
7.727,45.088499999999996,74,22,3,17
7.641500000000001,45.0255,63,22,3,18
7.641500000000001,45.088499999999996,74,22,3,18
7.727,45.0255,8,22,3,18
7.727,45.088499999999996,34,22,3,18
7.641500000000001,45.0255,36,22,3,19
7.641500000000001,45.088499999999996,42,22,3,19
7.727,45.0255,6,22,3,19
7.727,45.088499999999996,21,22,3,19
7.641500000000001,45.0255,38,22,3,20
7.641500000000001,45.088499999999996,38,22,3,20
7.727,45.0255,3,22,3,20
7.727,45.088499999999996,30,22,3,20
7.641500000000001,45.0255,24,22,3,21
7.641500000000001,45.088499999999996,45,22,3,21
7.727,45.0255,9,22,3,21
7.727,45.088499999999996,25,22,3,21
7.641500000000001,45.0255,23,22,3,22
7.641500000000001,45.088499999999996,34,22,3,22
7.727,45.0255,3,22,3,22
7.727,45.088499999999996,19,22,3,22
7.641500000000001,45.0255,10,22,3,23
7.641500000000001,45.088499999999996,15,22,3,23
7.727,45.088499999999996,9,22,3,23
7.641500000000001,45.0255,7,23,4,0
7.641500000000001,45.088499999999996,3,23,4,0
7.727,45.088499999999996,3,23,4,0
7.641500000000001,45.0255,2,23,4,1
7.641500000000001,45.088499999999996,2,23,4,1
7.727,45.088499999999996,1,23,4,1
7.641500000000001,45.0255,4,23,4,2
7.641500000000001,45.088499999999996,7,23,4,2
7.727,45.0255,1,23,4,2
7.727,45.088499999999996,1,23,4,2
7.641500000000001,45.0255,7,23,4,3
7.641500000000001,45.088499999999996,14,23,4,3
7.727,45.088499999999996,6,23,4,3
7.641500000000001,45.0255,12,23,4,4
7.641500000000001,45.088499999999996,18,23,4,4
7.727,45.0255,4,23,4,4
7.727,45.088499999999996,6,23,4,4
7.641500000000001,45.0255,47,23,4,5
7.641500000000001,45.088499999999996,67,23,4,5
7.727,45.0255,12,23,4,5
7.727,45.088499999999996,34,23,4,5
7.641500000000001,45.0255,96,23,4,6
7.641500000000001,45.088499999999996,150,23,4,6
7.727,45.0255,28,23,4,6
7.727,45.088499999999996,66,23,4,6
7.641500000000001,45.0255,97,23,4,7
7.641500000000001,45.088499999999996,122,23,4,7
7.727,45.0255,18,23,4,7
7.727,45.088499999999996,71,23,4,7
7.641500000000001,45.0255,85,23,4,8
7.641500000000001,45.088499999999996,120,23,4,8
7.727,45.0255,16,23,4,8
7.727,45.088499999999996,73,23,4,8
7.641500000000001,45.0255,106,23,4,9
7.641500000000001,45.088499999999996,119,23,4,9
7.727,45.0255,14,23,4,9
7.727,45.088499999999996,70,23,4,9
7.641500000000001,45.0255,99,23,4,10
7.641500000000001,45.088499999999996,127,23,4,10
7.727,45.0255,7,23,4,10
7.727,45.088499999999996,38,23,4,10
7.641500000000001,45.0255,88,23,4,11
7.641500000000001,45.088499999999996,92,23,4,11
7.727,45.0255,21,23,4,11
7.727,45.088499999999996,58,23,4,11
7.641500000000001,45.0255,102,23,4,12
7.641500000000001,45.088499999999996,107,23,4,12
7.727,45.0255,10,23,4,12
7.727,45.088499999999996,56,23,4,12
7.641500000000001,45.0255,88,23,4,13
7.641500000000001,45.088499999999996,121,23,4,13
7.727,45.0255,10,23,4,13
7.727,45.088499999999996,55,23,4,13
7.641500000000001,45.0255,101,23,4,14
7.641500000000001,45.088499999999996,116,23,4,14
7.727,45.0255,11,23,4,14
7.727,45.088499999999996,80,23,4,14
7.641500000000001,45.0255,120,23,4,15
7.641500000000001,45.088499999999996,157,23,4,15
7.727,45.0255,20,23,4,15
7.727,45.088499999999996,87,23,4,15
7.641500000000001,45.0255,137,23,4,16
7.641500000000001,45.088499999999996,185,23,4,16
7.727,45.0255,21,23,4,16
7.727,45.088499999999996,104,23,4,16
7.641500000000001,45.0255,125,23,4,17
7.641500000000001,45.088499999999996,142,23,4,17
7.727,45.0255,16,23,4,17
7.727,45.088499999999996,72,23,4,17
7.641500000000001,45.0255,64,23,4,18
7.641500000000001,45.088499999999996,102,23,4,18
7.727,45.0255,12,23,4,18
7.727,45.088499999999996,47,23,4,18
7.641500000000001,45.0255,42,23,4,19
7.641500000000001,45.088499999999996,49,23,4,19
7.727,45.0255,9,23,4,19
7.727,45.088499999999996,26,23,4,19
7.641500000000001,45.0255,28,23,4,20
7.641500000000001,45.088499999999996,49,23,4,20
7.727,45.0255,3,23,4,20
7.727,45.088499999999996,26,23,4,20
7.641500000000001,45.0255,25,23,4,21
7.641500000000001,45.088499999999996,50,23,4,21
7.727,45.0255,4,23,4,21
7.727,45.088499999999996,24,23,4,21
7.641500000000001,45.0255,22,23,4,22
7.641500000000001,45.088499999999996,31,23,4,22
7.727,45.0255,10,23,4,22
7.727,45.088499999999996,18,23,4,22
7.641500000000001,45.0255,18,23,4,23
7.641500000000001,45.088499999999996,12,23,4,23
7.727,45.0255,2,23,4,23
7.727,45.088499999999996,17,23,4,23
7.641500000000001,45.0255,10,24,5,0
7.641500000000001,45.088499999999996,13,24,5,0
7.727,45.0255,1,24,5,0
7.727,45.088499999999996,9,24,5,0
7.641500000000001,45.0255,8,24,5,1
7.641500000000001,45.088499999999996,5,24,5,1
7.727,45.088499999999996,5,24,5,1
7.641500000000001,45.0255,5,24,5,2
7.641500000000001,45.088499999999996,4,24,5,2
7.727,45.0255,2,24,5,2
7.727,45.088499999999996,11,24,5,2
7.641500000000001,45.0255,9,24,5,3
7.641500000000001,45.088499999999996,14,24,5,3
7.727,45.088499999999996,3,24,5,3
7.641500000000001,45.0255,5,24,5,4
7.641500000000001,45.088499999999996,14,24,5,4
7.727,45.0255,1,24,5,4
7.727,45.088499999999996,6,24,5,4
7.641500000000001,45.0255,17,24,5,5
7.641500000000001,45.088499999999996,33,24,5,5
7.727,45.0255,4,24,5,5
7.727,45.088499999999996,14,24,5,5
7.641500000000001,45.0255,43,24,5,6
7.641500000000001,45.088499999999996,43,24,5,6
7.727,45.0255,9,24,5,6
7.727,45.088499999999996,34,24,5,6
7.641500000000001,45.0255,70,24,5,7
7.641500000000001,45.088499999999996,91,24,5,7
7.727,45.0255,10,24,5,7
7.727,45.088499999999996,41,24,5,7
7.641500000000001,45.0255,68,24,5,8
7.641500000000001,45.088499999999996,103,24,5,8
7.727,45.0255,13,24,5,8
7.727,45.088499999999996,60,24,5,8
7.641500000000001,45.0255,92,24,5,9
7.641500000000001,45.088499999999996,107,24,5,9
7.727,45.0255,12,24,5,9
7.727,45.088499999999996,52,24,5,9
7.641500000000001,45.0255,65,24,5,10
7.641500000000001,45.088499999999996,89,24,5,10
7.727,45.0255,12,24,5,10
7.727,45.088499999999996,44,24,5,10
7.641500000000001,45.0255,45,24,5,11
7.641500000000001,45.088499999999996,68,24,5,11
7.727,45.0255,4,24,5,11
7.727,45.088499999999996,23,24,5,11
7.641500000000001,45.0255,31,24,5,12
7.641500000000001,45.088499999999996,62,24,5,12
7.727,45.0255,3,24,5,12
7.727,45.088499999999996,27,24,5,12
7.641500000000001,45.0255,52,24,5,13
7.641500000000001,45.088499999999996,72,24,5,13
7.727,45.0255,6,24,5,13
7.727,45.088499999999996,25,24,5,13
7.641500000000001,45.0255,49,24,5,14
7.641500000000001,45.088499999999996,66,24,5,14
7.727,45.0255,12,24,5,14
7.727,45.088499999999996,36,24,5,14
7.641500000000001,45.0255,58,24,5,15
7.641500000000001,45.088499999999996,69,24,5,15
7.727,45.0255,13,24,5,15
7.727,45.088499999999996,38,24,5,15
7.641500000000001,45.0255,67,24,5,16
7.641500000000001,45.088499999999996,82,24,5,16
7.727,45.0255,10,24,5,16
7.727,45.088499999999996,30,24,5,16
7.641500000000001,45.0255,76,24,5,17
7.641500000000001,45.088499999999996,84,24,5,17
7.727,45.0255,11,24,5,17
7.727,45.088499999999996,46,24,5,17
7.641500000000001,45.0255,46,24,5,18
7.641500000000001,45.088499999999996,58,24,5,18
7.727,45.0255,6,24,5,18
7.727,45.088499999999996,24,24,5,18
7.641500000000001,45.0255,24,24,5,19
7.641500000000001,45.088499999999996,53,24,5,19
7.727,45.0255,6,24,5,19
7.727,45.088499999999996,22,24,5,19
7.641500000000001,45.0255,32,24,5,20
7.641500000000001,45.088499999999996,46,24,5,20
7.727,45.0255,6,24,5,20
7.727,45.088499999999996,14,24,5,20
7.641500000000001,45.0255,31,24,5,21
7.641500000000001,45.088499999999996,42,24,5,21
7.727,45.0255,19,24,5,21
7.727,45.088499999999996,41,24,5,21
7.641500000000001,45.0255,25,24,5,22
7.641500000000001,45.088499999999996,27,24,5,22
7.727,45.0255,5,24,5,22
7.727,45.088499999999996,33,24,5,22
7.641500000000001,45.0255,17,24,5,23
7.641500000000001,45.088499999999996,28,24,5,23
7.727,45.0255,3,24,5,23
7.727,45.088499999999996,23,24,5,23
7.641500000000001,45.0255,16,25,6,0
7.641500000000001,45.088499999999996,17,25,6,0
7.727,45.0255,2,25,6,0
7.727,45.088499999999996,13,25,6,0
7.641500000000001,45.0255,11,25,6,1
7.641500000000001,45.088499999999996,4,25,6,1
7.727,45.088499999999996,6,25,6,1
7.641500000000001,45.088499999999996,4,25,6,2
7.727,45.0255,1,25,6,2
7.727,45.088499999999996,5,25,6,2
7.641500000000001,45.0255,2,25,6,3
7.641500000000001,45.088499999999996,8,25,6,3
7.727,45.088499999999996,5,25,6,3
7.641500000000001,45.0255,5,25,6,4
7.641500000000001,45.088499999999996,8,25,6,4
7.727,45.0255,3,25,6,4
7.727,45.088499999999996,5,25,6,4
7.641500000000001,45.0255,10,25,6,5
7.641500000000001,45.088499999999996,12,25,6,5
7.727,45.0255,2,25,6,5
7.727,45.088499999999996,7,25,6,5
7.641500000000001,45.0255,15,25,6,6
7.641500000000001,45.088499999999996,20,25,6,6
7.727,45.0255,1,25,6,6
7.727,45.088499999999996,11,25,6,6
7.641500000000001,45.0255,42,25,6,7
7.641500000000001,45.088499999999996,44,25,6,7
7.727,45.0255,4,25,6,7
7.727,45.088499999999996,27,25,6,7
7.641500000000001,45.0255,35,25,6,8
7.641500000000001,45.088499999999996,68,25,6,8
7.727,45.0255,13,25,6,8
7.727,45.088499999999996,30,25,6,8
7.641500000000001,45.0255,57,25,6,9
7.641500000000001,45.088499999999996,82,25,6,9
7.727,45.0255,10,25,6,9
7.727,45.088499999999996,39,25,6,9
7.641500000000001,45.0255,42,25,6,10
7.641500000000001,45.088499999999996,56,25,6,10
7.727,45.0255,9,25,6,10
7.727,45.088499999999996,31,25,6,10
7.641500000000001,45.0255,27,25,6,11
7.641500000000001,45.088499999999996,22,25,6,11
7.727,45.0255,4,25,6,11
7.727,45.088499999999996,21,25,6,11
7.641500000000001,45.0255,24,25,6,12
7.641500000000001,45.088499999999996,38,25,6,12
7.727,45.0255,1,25,6,12
7.727,45.088499999999996,30,25,6,12
7.641500000000001,45.0255,34,25,6,13
7.641500000000001,45.088499999999996,48,25,6,13
7.727,45.0255,2,25,6,13
7.727,45.088499999999996,14,25,6,13
7.641500000000001,45.0255,54,25,6,14
7.641500000000001,45.088499999999996,38,25,6,14
7.727,45.0255,11,25,6,14
7.727,45.088499999999996,33,25,6,14
7.641500000000001,45.0255,36,25,6,15
7.641500000000001,45.088499999999996,55,25,6,15
7.727,45.0255,5,25,6,15
7.727,45.088499999999996,32,25,6,15
7.641500000000001,45.0255,52,25,6,16
7.641500000000001,45.088499999999996,72,25,6,16
7.727,45.0255,10,25,6,16
7.727,45.088499999999996,41,25,6,16
7.641500000000001,45.0255,60,25,6,17
7.641500000000001,45.088499999999996,77,25,6,17
7.727,45.0255,14,25,6,17
7.727,45.088499999999996,33,25,6,17
7.641500000000001,45.0255,40,25,6,18
7.641500000000001,45.088499999999996,64,25,6,18
7.727,45.0255,7,25,6,18
7.727,45.088499999999996,30,25,6,18
7.641500000000001,45.0255,34,25,6,19
7.641500000000001,45.088499999999996,47,25,6,19
7.727,45.0255,6,25,6,19
7.727,45.088499999999996,21,25,6,19
7.641500000000001,45.0255,20,25,6,20
7.641500000000001,45.088499999999996,33,25,6,20
7.727,45.0255,4,25,6,20
7.727,45.088499999999996,20,25,6,20
7.641500000000001,45.0255,18,25,6,21
7.641500000000001,45.088499999999996,32,25,6,21
7.727,45.0255,3,25,6,21
7.727,45.088499999999996,19,25,6,21
7.641500000000001,45.0255,18,25,6,22
7.641500000000001,45.088499999999996,15,25,6,22
7.727,45.0255,1,25,6,22
7.727,45.088499999999996,9,25,6,22
7.641500000000001,45.0255,6,25,6,23
7.641500000000001,45.088499999999996,7,25,6,23
7.727,45.0255,1,25,6,23
7.727,45.088499999999996,5,25,6,23
7.641500000000001,45.0255,1,26,0,0
7.641500000000001,45.088499999999996,3,26,0,0
7.727,45.088499999999996,1,26,0,0
7.641500000000001,45.0255,2,26,0,1
7.641500000000001,45.088499999999996,3,26,0,1
7.727,45.088499999999996,4,26,0,1
7.641500000000001,45.0255,3,26,0,2
7.641500000000001,45.088499999999996,5,26,0,2
7.727,45.0255,1,26,0,2
7.727,45.088499999999996,1,26,0,2
7.641500000000001,45.0255,9,26,0,3
7.641500000000001,45.088499999999996,15,26,0,3
7.727,45.0255,1,26,0,3
7.727,45.088499999999996,4,26,0,3
7.641500000000001,45.0255,14,26,0,4
7.641500000000001,45.088499999999996,15,26,0,4
7.727,45.0255,2,26,0,4
7.727,45.088499999999996,5,26,0,4
7.641500000000001,45.0255,53,26,0,5
7.641500000000001,45.088499999999996,64,26,0,5
7.727,45.0255,18,26,0,5
7.727,45.088499999999996,40,26,0,5
7.641500000000001,45.0255,98,26,0,6
7.641500000000001,45.088499999999996,109,26,0,6
7.727,45.0255,20,26,0,6
7.727,45.088499999999996,73,26,0,6
7.641500000000001,45.0255,93,26,0,7
7.641500000000001,45.088499999999996,85,26,0,7
7.727,45.0255,17,26,0,7
7.727,45.088499999999996,61,26,0,7
7.641500000000001,45.0255,79,26,0,8
7.641500000000001,45.088499999999996,109,26,0,8
7.727,45.0255,10,26,0,8
7.727,45.088499999999996,54,26,0,8
7.641500000000001,45.0255,72,26,0,9
7.641500000000001,45.088499999999996,112,26,0,9
7.727,45.0255,11,26,0,9
7.727,45.088499999999996,54,26,0,9
7.641500000000001,45.0255,73,26,0,10
7.641500000000001,45.088499999999996,92,26,0,10
7.727,45.0255,17,26,0,10
7.727,45.088499999999996,68,26,0,10
7.641500000000001,45.0255,69,26,0,11
7.641500000000001,45.088499999999996,77,26,0,11
7.727,45.0255,10,26,0,11
7.727,45.088499999999996,48,26,0,11
7.641500000000001,45.0255,60,26,0,12
7.641500000000001,45.088499999999996,84,26,0,12
7.727,45.0255,10,26,0,12
7.727,45.088499999999996,57,26,0,12
7.641500000000001,45.0255,67,26,0,13
7.641500000000001,45.088499999999996,77,26,0,13
7.727,45.0255,11,26,0,13
7.727,45.088499999999996,52,26,0,13
7.641500000000001,45.0255,99,26,0,14
7.641500000000001,45.088499999999996,139,26,0,14
7.727,45.0255,15,26,0,14
7.727,45.088499999999996,83,26,0,14
7.641500000000001,45.0255,118,26,0,15
7.641500000000001,45.088499999999996,153,26,0,15
7.727,45.0255,15,26,0,15
7.727,45.088499999999996,67,26,0,15
7.641500000000001,45.0255,115,26,0,16
7.641500000000001,45.088499999999996,197,26,0,16
7.727,45.0255,23,26,0,16
7.727,45.088499999999996,99,26,0,16
7.641500000000001,45.0255,81,26,0,17
7.641500000000001,45.088499999999996,149,26,0,17
7.727,45.0255,5,26,0,17
7.727,45.088499999999996,74,26,0,17
7.641500000000001,45.0255,51,26,0,18
7.641500000000001,45.088499999999996,59,26,0,18
7.727,45.0255,4,26,0,18
7.727,45.088499999999996,28,26,0,18
7.641500000000001,45.0255,22,26,0,19
7.641500000000001,45.088499999999996,45,26,0,19
7.727,45.0255,3,26,0,19
7.727,45.088499999999996,35,26,0,19
7.641500000000001,45.0255,32,26,0,20
7.641500000000001,45.088499999999996,34,26,0,20
7.727,45.0255,5,26,0,20
7.727,45.088499999999996,16,26,0,20
7.641500000000001,45.0255,28,26,0,21
7.641500000000001,45.088499999999996,20,26,0,21
7.727,45.0255,5,26,0,21
7.727,45.088499999999996,20,26,0,21
7.641500000000001,45.0255,19,26,0,22
7.641500000000001,45.088499999999996,16,26,0,22
7.727,45.0255,2,26,0,22
7.727,45.088499999999996,8,26,0,22
7.641500000000001,45.0255,5,26,0,23
7.641500000000001,45.088499999999996,5,26,0,23
7.727,45.088499999999996,10,26,0,23
7.641500000000001,45.0255,1,27,1,0
7.641500000000001,45.088499999999996,3,27,1,0
7.727,45.088499999999996,1,27,1,0
7.641500000000001,45.0255,2,27,1,1
7.641500000000001,45.088499999999996,1,27,1,1
7.727,45.0255,1,27,1,1
7.641500000000001,45.088499999999996,1,27,1,2
7.641500000000001,45.0255,7,27,1,3
7.641500000000001,45.088499999999996,18,27,1,3
7.727,45.0255,1,27,1,3
7.727,45.088499999999996,3,27,1,3
7.641500000000001,45.0255,15,27,1,4
7.641500000000001,45.088499999999996,19,27,1,4
7.727,45.0255,3,27,1,4
7.727,45.088499999999996,3,27,1,4
7.641500000000001,45.0255,68,27,1,5
7.641500000000001,45.088499999999996,68,27,1,5
7.727,45.0255,13,27,1,5
7.727,45.088499999999996,34,27,1,5
7.641500000000001,45.0255,89,27,1,6
7.641500000000001,45.088499999999996,127,27,1,6
7.727,45.0255,19,27,1,6
7.727,45.088499999999996,74,27,1,6
7.641500000000001,45.0255,99,27,1,7
7.641500000000001,45.088499999999996,126,27,1,7
7.727,45.0255,22,27,1,7
7.727,45.088499999999996,79,27,1,7
7.641500000000001,45.0255,96,27,1,8
7.641500000000001,45.088499999999996,112,27,1,8
7.727,45.0255,12,27,1,8
7.727,45.088499999999996,54,27,1,8
7.641500000000001,45.0255,97,27,1,9
7.641500000000001,45.088499999999996,117,27,1,9
7.727,45.0255,15,27,1,9
7.727,45.088499999999996,48,27,1,9
7.641500000000001,45.0255,79,27,1,10
7.641500000000001,45.088499999999996,119,27,1,10
7.727,45.0255,12,27,1,10
7.727,45.088499999999996,63,27,1,10
7.641500000000001,45.0255,75,27,1,11
7.641500000000001,45.088499999999996,106,27,1,11
7.727,45.0255,11,27,1,11
7.727,45.088499999999996,55,27,1,11
7.641500000000001,45.0255,64,27,1,12
7.641500000000001,45.088499999999996,90,27,1,12
7.727,45.0255,12,27,1,12
7.727,45.088499999999996,57,27,1,12
7.641500000000001,45.0255,89,27,1,13
7.641500000000001,45.088499999999996,101,27,1,13
7.727,45.0255,12,27,1,13
7.727,45.088499999999996,50,27,1,13
7.641500000000001,45.0255,95,27,1,14
7.641500000000001,45.088499999999996,142,27,1,14
7.727,45.0255,12,27,1,14
7.727,45.088499999999996,80,27,1,14
7.641500000000001,45.0255,140,27,1,15
7.641500000000001,45.088499999999996,179,27,1,15
7.727,45.0255,12,27,1,15
7.727,45.088499999999996,98,27,1,15
7.641500000000001,45.0255,140,27,1,16
7.641500000000001,45.088499999999996,197,27,1,16
7.727,45.0255,18,27,1,16
7.727,45.088499999999996,103,27,1,16
7.641500000000001,45.0255,107,27,1,17
7.641500000000001,45.088499999999996,143,27,1,17
7.727,45.0255,9,27,1,17
7.727,45.088499999999996,65,27,1,17
7.641500000000001,45.0255,68,27,1,18
7.641500000000001,45.088499999999996,68,27,1,18
7.727,45.0255,11,27,1,18
7.727,45.088499999999996,28,27,1,18
7.641500000000001,45.0255,41,27,1,19
7.641500000000001,45.088499999999996,34,27,1,19
7.727,45.0255,6,27,1,19
7.727,45.088499999999996,25,27,1,19
7.641500000000001,45.0255,41,27,1,20
7.641500000000001,45.088499999999996,34,27,1,20
7.727,45.0255,3,27,1,20
7.727,45.088499999999996,17,27,1,20
7.641500000000001,45.0255,30,27,1,21
7.641500000000001,45.088499999999996,37,27,1,21
7.727,45.0255,3,27,1,21
7.727,45.088499999999996,24,27,1,21
7.641500000000001,45.0255,17,27,1,22
7.641500000000001,45.088499999999996,12,27,1,22
7.727,45.0255,2,27,1,22
7.727,45.088499999999996,7,27,1,22
7.641500000000001,45.0255,8,27,1,23
7.641500000000001,45.088499999999996,4,27,1,23
7.727,45.0255,1,27,1,23
7.727,45.088499999999996,7,27,1,23
7.641500000000001,45.0255,5,28,2,0
7.641500000000001,45.088499999999996,4,28,2,0
7.727,45.088499999999996,5,28,2,0
7.641500000000001,45.088499999999996,1,28,2,1
7.727,45.088499999999996,1,28,2,1
7.641500000000001,45.0255,1,28,2,2
7.641500000000001,45.088499999999996,4,28,2,2
7.641500000000001,45.0255,7,28,2,3
7.641500000000001,45.088499999999996,13,28,2,3
7.727,45.088499999999996,5,28,2,3
7.641500000000001,45.0255,8,28,2,4
7.641500000000001,45.088499999999996,11,28,2,4
7.727,45.0255,2,28,2,4
7.727,45.088499999999996,7,28,2,4
7.641500000000001,45.0255,52,28,2,5
7.641500000000001,45.088499999999996,63,28,2,5
7.727,45.0255,12,28,2,5
7.727,45.088499999999996,33,28,2,5
7.641500000000001,45.0255,102,28,2,6
7.641500000000001,45.088499999999996,146,28,2,6
7.727,45.0255,28,28,2,6
7.727,45.088499999999996,66,28,2,6
7.641500000000001,45.0255,109,28,2,7
7.641500000000001,45.088499999999996,104,28,2,7
7.727,45.0255,11,28,2,7
7.727,45.088499999999996,82,28,2,7
7.641500000000001,45.0255,112,28,2,8
7.641500000000001,45.088499999999996,122,28,2,8
7.727,45.0255,10,28,2,8
7.727,45.088499999999996,59,28,2,8
7.641500000000001,45.0255,86,28,2,9
7.641500000000001,45.088499999999996,116,28,2,9
7.727,45.0255,10,28,2,9
7.727,45.088499999999996,44,28,2,9
7.641500000000001,45.0255,98,28,2,10
7.641500000000001,45.088499999999996,121,28,2,10
7.727,45.0255,14,28,2,10
7.727,45.088499999999996,75,28,2,10
7.641500000000001,45.0255,82,28,2,11
7.641500000000001,45.088499999999996,97,28,2,11
7.727,45.0255,13,28,2,11
7.727,45.088499999999996,62,28,2,11
7.641500000000001,45.0255,77,28,2,12
7.641500000000001,45.088499999999996,97,28,2,12
7.727,45.0255,14,28,2,12
7.727,45.088499999999996,42,28,2,12
7.641500000000001,45.0255,95,28,2,13
7.641500000000001,45.088499999999996,102,28,2,13
7.727,45.0255,12,28,2,13
7.727,45.088499999999996,71,28,2,13
7.641500000000001,45.0255,107,28,2,14
7.641500000000001,45.088499999999996,141,28,2,14
7.727,45.0255,20,28,2,14
7.727,45.088499999999996,71,28,2,14
7.641500000000001,45.0255,134,28,2,15
7.641500000000001,45.088499999999996,167,28,2,15
7.727,45.0255,12,28,2,15
7.727,45.088499999999996,79,28,2,15
7.641500000000001,45.0255,143,28,2,16
7.641500000000001,45.088499999999996,234,28,2,16
7.727,45.0255,19,28,2,16
7.727,45.088499999999996,99,28,2,16
7.641500000000001,45.0255,136,28,2,17
7.641500000000001,45.088499999999996,166,28,2,17
7.727,45.0255,9,28,2,17
7.727,45.088499999999996,83,28,2,17
7.641500000000001,45.0255,63,28,2,18
7.641500000000001,45.088499999999996,81,28,2,18
7.727,45.0255,12,28,2,18
7.727,45.088499999999996,44,28,2,18
7.641500000000001,45.0255,31,28,2,19
7.641500000000001,45.088499999999996,50,28,2,19
7.727,45.0255,9,28,2,19
7.727,45.088499999999996,18,28,2,19
7.641500000000001,45.0255,34,28,2,20
7.641500000000001,45.088499999999996,35,28,2,20
7.727,45.0255,3,28,2,20
7.727,45.088499999999996,26,28,2,20
7.641500000000001,45.0255,16,28,2,21
7.641500000000001,45.088499999999996,32,28,2,21
7.727,45.0255,3,28,2,21
7.727,45.088499999999996,23,28,2,21
7.641500000000001,45.0255,18,28,2,22
7.641500000000001,45.088499999999996,18,28,2,22
7.727,45.0255,1,28,2,22
7.727,45.088499999999996,10,28,2,22
7.641500000000001,45.0255,10,28,2,23
7.641500000000001,45.088499999999996,10,28,2,23
7.727,45.0255,3,28,2,23
7.727,45.088499999999996,6,28,2,23
7.641500000000001,45.0255,4,29,3,0
7.727,45.088499999999996,3,29,3,0
7.641500000000001,45.0255,1,29,3,1
7.641500000000001,45.088499999999996,5,29,3,1
7.727,45.088499999999996,2,29,3,1
7.641500000000001,45.0255,3,29,3,2
7.641500000000001,45.088499999999996,5,29,3,2
7.641500000000001,45.0255,6,29,3,3
7.641500000000001,45.088499999999996,14,29,3,3
7.727,45.0255,1,29,3,3
7.727,45.088499999999996,4,29,3,3
7.641500000000001,45.0255,14,29,3,4
7.641500000000001,45.088499999999996,11,29,3,4
7.727,45.0255,4,29,3,4
7.727,45.088499999999996,14,29,3,4
7.641500000000001,45.0255,49,29,3,5
7.641500000000001,45.088499999999996,63,29,3,5
7.727,45.0255,14,29,3,5
7.727,45.088499999999996,30,29,3,5
7.641500000000001,45.0255,96,29,3,6
7.641500000000001,45.088499999999996,125,29,3,6
7.727,45.0255,23,29,3,6
7.727,45.088499999999996,66,29,3,6
7.641500000000001,45.0255,97,29,3,7
7.641500000000001,45.088499999999996,110,29,3,7
7.727,45.0255,16,29,3,7
7.727,45.088499999999996,80,29,3,7
7.641500000000001,45.0255,102,29,3,8
7.641500000000001,45.088499999999996,129,29,3,8
7.727,45.0255,15,29,3,8
7.727,45.088499999999996,62,29,3,8
7.641500000000001,45.0255,99,29,3,9
7.641500000000001,45.088499999999996,109,29,3,9
7.727,45.0255,11,29,3,9
7.727,45.088499999999996,82,29,3,9
7.641500000000001,45.0255,72,29,3,10
7.641500000000001,45.088499999999996,105,29,3,10
7.727,45.0255,13,29,3,10
7.727,45.088499999999996,56,29,3,10
7.641500000000001,45.0255,72,29,3,11
7.641500000000001,45.088499999999996,75,29,3,11
7.727,45.0255,11,29,3,11
7.727,45.088499999999996,65,29,3,11
7.641500000000001,45.0255,81,29,3,12
7.641500000000001,45.088499999999996,94,29,3,12
7.727,45.0255,19,29,3,12
7.727,45.088499999999996,67,29,3,12
7.641500000000001,45.0255,104,29,3,13
7.641500000000001,45.088499999999996,113,29,3,13
7.727,45.0255,17,29,3,13
7.727,45.088499999999996,65,29,3,13
7.641500000000001,45.0255,95,29,3,14
7.641500000000001,45.088499999999996,121,29,3,14
7.727,45.0255,15,29,3,14
7.727,45.088499999999996,81,29,3,14
7.641500000000001,45.0255,133,29,3,15
7.641500000000001,45.088499999999996,165,29,3,15
7.727,45.0255,17,29,3,15
7.727,45.088499999999996,95,29,3,15
7.641500000000001,45.0255,154,29,3,16
7.641500000000001,45.088499999999996,202,29,3,16
7.727,45.0255,21,29,3,16
7.727,45.088499999999996,105,29,3,16
7.641500000000001,45.0255,113,29,3,17
7.641500000000001,45.088499999999996,164,29,3,17
7.727,45.0255,9,29,3,17
7.727,45.088499999999996,76,29,3,17
7.641500000000001,45.0255,65,29,3,18
7.641500000000001,45.088499999999996,83,29,3,18
7.727,45.0255,9,29,3,18
7.727,45.088499999999996,42,29,3,18
7.641500000000001,45.0255,29,29,3,19
7.641500000000001,45.088499999999996,42,29,3,19
7.727,45.0255,6,29,3,19
7.727,45.088499999999996,26,29,3,19
7.641500000000001,45.0255,48,29,3,20
7.641500000000001,45.088499999999996,34,29,3,20
7.727,45.0255,5,29,3,20
7.727,45.088499999999996,23,29,3,20
7.641500000000001,45.0255,36,29,3,21
7.641500000000001,45.088499999999996,40,29,3,21
7.727,45.0255,5,29,3,21
7.727,45.088499999999996,22,29,3,21
7.641500000000001,45.0255,19,29,3,22
7.641500000000001,45.088499999999996,24,29,3,22
7.727,45.0255,3,29,3,22
7.727,45.088499999999996,19,29,3,22
7.641500000000001,45.0255,8,29,3,23
7.641500000000001,45.088499999999996,5,29,3,23
7.727,45.0255,2,29,3,23
7.727,45.088499999999996,6,29,3,23
7.641500000000001,45.0255,1,30,4,0
7.641500000000001,45.088499999999996,6,30,4,0
7.727,45.088499999999996,2,30,4,0
7.641500000000001,45.0255,5,30,4,1
7.641500000000001,45.088499999999996,2,30,4,1
7.727,45.0255,1,30,4,1
7.727,45.088499999999996,2,30,4,1
7.641500000000001,45.0255,3,30,4,2
7.641500000000001,45.088499999999996,4,30,4,2
7.727,45.088499999999996,1,30,4,2
7.641500000000001,45.0255,9,30,4,3
7.641500000000001,45.088499999999996,12,30,4,3
7.727,45.088499999999996,3,30,4,3
7.641500000000001,45.0255,10,30,4,4
7.641500000000001,45.088499999999996,10,30,4,4
7.727,45.0255,3,30,4,4
7.727,45.088499999999996,8,30,4,4
7.641500000000001,45.0255,65,30,4,5
7.641500000000001,45.088499999999996,78,30,4,5
7.727,45.0255,10,30,4,5
7.727,45.088499999999996,32,30,4,5
7.641500000000001,45.0255,97,30,4,6
7.641500000000001,45.088499999999996,126,30,4,6
7.727,45.0255,20,30,4,6
7.727,45.088499999999996,72,30,4,6
7.641500000000001,45.0255,93,30,4,7
7.641500000000001,45.088499999999996,119,30,4,7
7.727,45.0255,25,30,4,7
7.727,45.088499999999996,63,30,4,7
7.641500000000001,45.0255,98,30,4,8
7.641500000000001,45.088499999999996,116,30,4,8
7.727,45.0255,24,30,4,8
7.727,45.088499999999996,74,30,4,8
7.641500000000001,45.0255,91,30,4,9
7.641500000000001,45.088499999999996,110,30,4,9
7.727,45.0255,18,30,4,9
7.727,45.088499999999996,61,30,4,9
7.641500000000001,45.0255,97,30,4,10
7.641500000000001,45.088499999999996,125,30,4,10
7.727,45.0255,13,30,4,10
7.727,45.088499999999996,62,30,4,10
7.641500000000001,45.0255,80,30,4,11
7.641500000000001,45.088499999999996,79,30,4,11
7.727,45.0255,4,30,4,11
7.727,45.088499999999996,61,30,4,11
7.641500000000001,45.0255,73,30,4,12
7.641500000000001,45.088499999999996,85,30,4,12
7.727,45.0255,18,30,4,12
7.727,45.088499999999996,59,30,4,12
7.641500000000001,45.0255,92,30,4,13
7.641500000000001,45.088499999999996,102,30,4,13
7.727,45.0255,16,30,4,13
7.727,45.088499999999996,59,30,4,13
7.641500000000001,45.0255,125,30,4,14
7.641500000000001,45.088499999999996,146,30,4,14
7.727,45.0255,14,30,4,14
7.727,45.088499999999996,81,30,4,14
7.641500000000001,45.0255,114,30,4,15
7.641500000000001,45.088499999999996,191,30,4,15
7.727,45.0255,8,30,4,15
7.727,45.088499999999996,72,30,4,15
7.641500000000001,45.0255,129,30,4,16
7.641500000000001,45.088499999999996,184,30,4,16
7.727,45.0255,22,30,4,16
7.727,45.088499999999996,88,30,4,16
7.641500000000001,45.0255,118,30,4,17
7.641500000000001,45.088499999999996,163,30,4,17
7.727,45.0255,14,30,4,17
7.727,45.088499999999996,73,30,4,17
7.641500000000001,45.0255,66,30,4,18
7.641500000000001,45.088499999999996,75,30,4,18
7.727,45.0255,10,30,4,18
7.727,45.088499999999996,46,30,4,18
7.641500000000001,45.0255,44,30,4,19
7.641500000000001,45.088499999999996,46,30,4,19
7.727,45.0255,4,30,4,19
7.727,45.088499999999996,28,30,4,19
7.641500000000001,45.0255,41,30,4,20
7.641500000000001,45.088499999999996,48,30,4,20
7.727,45.0255,3,30,4,20
7.727,45.088499999999996,22,30,4,20
7.641500000000001,45.0255,37,30,4,21
7.641500000000001,45.088499999999996,39,30,4,21
7.727,45.0255,2,30,4,21
7.727,45.088499999999996,40,30,4,21
