lng,lat,pippo
7.614429,45.074684,763
7.613202,45.073162,2750
7.615265,45.073338,254
7.613962,45.074055,446
7.615009,45.074123,15800
7.61522,45.074635,8075
7.614796,45.074234,616
7.614581,45.073952,363
7.615308,45.074039,585
7.614464,45.073822,222
7.615614,45.074066,632
7.615159,45.072422,656
7.612942,45.074669,542
7.617675,45.070953,1065
7.618142,45.07222,95
7.619362,45.072357,73
7.617929,45.07003,1228
7.61783,45.070244,1101
7.619038,45.071911,236
7.619513,45.070557,282
7.618972,45.070271,144
7.618134,45.071991,574
7.616853,45.07143,131
7.616517,45.071705,149
7.61685,45.071724,11487
7.616837,45.071331,129
7.622734,45.074898,187
7.622328,45.075226,164
7.621052,45.076832,603
7.622634,45.075603,535
7.620509,45.075356,596
7.622454,45.075314,521
7.622552,45.077232,2894
7.622791,45.076626,6589
7.620722,45.075466,416
7.621223,45.076797,997
7.620268,45.075134,259
7.624496,45.075233,8106
7.624533,45.075951,55
7.625788,45.076408,3959
7.626113,45.07695,1240
7.62598,45.075832,1247
7.625694,45.076912,127
7.624137,45.076481,1064
7.623385,45.075623,165
7.62604,45.076283,17158
7.623015,45.076847,458
7.623127,45.077293,249
7.624352,45.076897,584
7.623444,45.075581,233
7.626692,45.076939,271
7.629249,45.07597,702
7.627619,45.07679,175
7.627415,45.076,3993
7.627172,45.076393,76
7.628073,45.074909,381
7.629089,45.075523,627
7.626914,45.076923,566
7.629489,45.076763,80
7.627851,45.075901,2846
7.626539,45.076618,4267
7.630859,45.065422,38
7.631199,45.06654,5458
7.63246,45.066353,2673
7.630969,45.065907,10025
7.630328,45.065128,312
7.631391,45.065689,194
7.630868,45.065643,138
7.632085,45.06657,8227
7.630945,45.065815,44
7.629843,45.066811,898
7.633166,45.066933,190
7.63111,45.06966,23780
7.630468,45.069294,838
7.632898,45.069454,1683
7.629873,45.067841,492
7.63255,45.068188,255
7.632782,45.068764,57
7.633112,45.069592,8471
7.632619,45.068886,239
7.63314,45.069031,94
7.632323,45.068245,4600
7.631354,45.068924,5641
7.632198,45.078609,153
7.630405,45.077602,37
7.630777,45.077621,250
7.631876,45.079308,426
7.631094,45.078133,1300
7.631979,45.077435,2880
7.631757,45.078247,833
7.633026,45.079369,177
7.630144,45.079094,9083
7.631432,45.079796,2061
7.63147,45.078026,16726
7.636035,45.067867,224
7.634591,45.069084,610
7.633952,45.069279,210
7.633801,45.068855,1788
7.634412,45.069168,48
7.63378,45.068218,9431
7.634617,45.069763,1171
7.633352,45.069317,5345
7.636347,45.069752,522
7.636542,45.068111,3901
7.635925,45.067413,60
7.635577,45.068409,69
7.635622,45.069778,384
7.633773,45.068996,21935
7.634696,45.069702,568
7.635269,45.068878,476
7.636479,45.068195,466
7.635012,45.067768,543
7.633651,45.070183,5203
7.633323,45.07201,3875
7.634922,45.072281,7095
7.634382,45.070206,237
7.635915,45.070457,4262
7.63589,45.072361,193
7.633494,45.070408,2157
7.635329,45.070423,2599
7.63393,45.071548,594
7.634718,45.072182,5522
7.634299,45.071835,9863
7.636434,45.076813,2774
7.634212,45.076363,4659
7.6351,45.075165,4081
7.635773,45.076046,108
7.635712,45.075569,9558
7.635502,45.076393,229
7.636349,45.076012,834
7.635233,45.074951,328
7.635036,45.076488,198
7.633383,45.076828,768
7.635716,45.076141,80
7.635033,45.117012,245
7.635304,45.116585,27390
7.635178,45.115265,546
7.635303,45.116497,39061
7.635469,45.11631,39061
7.635365,45.116596,39061
7.635024,45.116165,208
7.635001,45.117023,245
7.635611,45.115921,601
7.6351,45.115807,1408
7.635171,45.115841,2753
7.635023,45.117035,245
7.635332,45.115437,244
7.635105,45.117275,271
7.63531,45.116619,39061
7.635013,45.115829,283
7.634628,45.116932,391
7.635126,45.117054,571
7.63504,45.116989,246
7.636325,45.115566,575
7.63652,45.115574,562
7.635557,45.116772,225
7.635315,45.115425,245
7.634932,45.116924,246
7.635023,45.116833,379
7.634982,45.116749,567
7.635146,45.115284,627
7.635508,45.11591,302
7.635146,45.115284,293
7.635326,45.117142,485
7.635243,45.116535,43064
7.635384,45.11552,505
7.636569,45.116516,320
7.63529,45.115616,509
7.635394,45.115768,575
7.63653,45.115776,555
7.635013,45.115944,489
7.63552,45.116467,12742
7.635245,45.115337,220
7.635127,45.115837,1409
7.634955,45.116581,563
7.635263,45.116463,4425
7.635167,45.115852,28798
7.635162,45.11581,2754
7.634882,45.11618,2959
7.635512,45.116024,5293
7.635586,45.116207,18976
7.635242,45.116142,14479
7.635196,45.116085,14716
7.635088,45.11602,13196
7.635678,45.115711,21315
7.63537,45.116135,16787
7.635164,45.116196,12197
7.63523,45.116013,21717
7.635249,45.116119,17800
7.63529,45.116016,21887
7.635296,45.116116,16909
7.635369,45.11618,11997
7.634929,45.116955,245
7.635198,45.116798,288
7.635172,45.116703,270
7.635326,45.115337,206
7.635502,45.115887,301
7.635015,45.116947,245
7.635526,45.115776,313
7.635485,45.115704,254
7.635108,45.115471,583
7.635132,45.115421,291
7.635462,45.115665,310
7.635261,45.11549,503
7.636518,45.115574,561
7.635056,45.115517,507
7.635343,45.115276,264
7.635768,45.115509,563
7.635364,45.116543,20900
7.635062,45.115765,554
7.635061,45.115597,169
7.63528,45.115627,12967
7.636434,45.115318,215
7.635277,45.115864,257
7.635162,45.115982,2754
7.635215,45.115837,2754
7.638908,45.026379,286
7.638227,45.025791,604
7.639208,45.026508,252
7.636701,45.025352,554
7.638235,45.024666,778
7.639496,45.026295,263
7.63949,45.026421,738
7.636909,45.025261,582
7.638098,45.025928,589
7.638309,45.025227,596
7.637241,45.025223,571
7.637573,45.025383,580
7.638617,45.025337,504
7.638244,45.024937,8165
7.637473,45.069458,1139
7.6367,45.068859,1974
7.636682,45.068562,2147
7.637269,45.068604,4067
7.639531,45.067986,2728
7.639022,45.06892,166
7.637465,45.06776,194
7.638741,45.068703,6090
7.63665,45.069653,37
7.637714,45.068218,2748
7.637376,45.069313,1139
7.639267,45.069172,427
7.639579,45.070557,581
7.637945,45.071789,237
7.639125,45.072292,4318
7.638815,45.07082,1013
7.639239,45.071651,20150
7.636702,45.070602,116
7.636681,45.071278,6968
7.639575,45.070362,618
7.639318,45.071743,737
7.636845,45.07132,297
7.637132,45.070217,4377
7.639094,45.070744,126
7.637169,45.115803,691
7.637593,45.116489,495
7.637639,45.115307,294
7.638323,45.117085,503
7.636892,45.115639,359
7.637619,45.115379,550
7.636874,45.115757,429
7.636865,45.115791,60
7.636693,45.115585,280
7.637163,45.115829,538
7.637677,45.115414,579
7.642014,45.02422,17200
7.640575,45.024303,7129
7.642645,45.022808,230
7.640632,45.022579,584
7.642067,45.022335,187
7.640942,45.022457,1231
7.640391,45.024181,19665
7.642407,45.02282,128
7.642141,45.023491,799
7.641667,45.02383,520
7.643221,45.024181,485
7.642112,45.023823,2584
7.641143,45.057743,2268
7.641776,45.058632,25687
7.641167,45.059032,2593
7.641657,45.058567,2641
7.641388,45.059116,404
7.642909,45.057629,9684
7.643195,45.058075,748
7.641728,45.058842,656
7.642334,45.059547,396
7.641109,45.058109,817
7.641636,45.058735,119
7.642893,45.058434,3738
7.642591,45.071342,38
7.642137,45.071037,651
7.642036,45.071198,18125
7.641028,45.071926,160
7.641097,45.070827,286
7.642093,45.071541,3191
7.64054,45.072132,7202
7.642527,45.070217,271
7.642206,45.072166,395
7.640996,45.072098,6627
7.641999,45.07029,80
7.642036,45.071033,1659
7.643467,45.07029,414
7.642359,45.079845,214
7.640181,45.077919,2868
7.641686,45.077614,4897
7.641291,45.079613,621
7.642795,45.077454,621
7.642313,45.079937,7977
7.642372,45.079884,2714
7.641493,45.077667,1533
7.641814,45.078094,520
7.64007,45.07795,515
7.641087,45.078369,541
7.642053,45.078781,2458
7.641788,45.07811,2485
7.640073,45.078693,19820
7.641167,45.079887,7130
7.642725,45.078308,258
7.644061,45.039124,205
7.645765,45.03812,721
7.644275,45.037727,17984
7.645071,45.03915,4990
7.646475,45.03709,146
7.646577,45.037094,397
7.646837,45.038002,290
7.644827,45.037643,6883
7.643684,45.037151,31826
7.643565,45.037258,19300
7.646072,45.038532,934
7.644335,45.040245,1269
7.64548,45.041496,2743
7.646566,45.040985,2813
7.64458,45.039677,13265
7.645604,45.041794,5730
7.643615,45.042049,2546
7.646249,45.039684,339
7.644481,45.041473,539
7.646558,45.040997,1022
7.646603,45.039909,260
7.645944,45.040348,1400
7.644163,45.049179,171
7.644455,45.049549,4934
7.645857,45.048862,648
7.643988,45.047905,2190
7.6443,45.048092,5837
7.643975,45.049049,430
7.6439,45.049164,105
7.64685,45.048538,18472
7.646387,45.04747,158
7.64473,45.048359,346
7.644926,45.04837,5761
7.643951,45.048943,1218
7.644185,45.048153,2093
7.645098,45.062477,331
7.646417,45.062916,7262
7.645115,45.062321,34
7.645035,45.064629,5542
7.646459,45.0639,21559
7.645006,45.06229,2203
7.643686,45.063686,549
7.644114,45.063198,1668
7.643707,45.06348,222
7.645199,45.063251,1772
7.643694,45.0625,79
7.646628,45.063995,699
7.645054,45.063175,34
7.646596,45.077835,137
7.646837,45.079906,273
7.645855,45.077694,2319
7.64502,45.078259,5559
7.645476,45.078045,595
7.643762,45.077873,1199
7.644752,45.078667,2523
7.644324,45.078434,8379
7.64396,45.078262,148
7.644909,45.079903,221
7.646667,45.077999,540
7.64376,45.078331,16581
7.645618,45.077801,1957
7.645668,45.079697,3998
7.648082,45.036068,214
7.647945,45.034863,15805
7.64731,45.034683,2953
7.649474,45.035255,20066
7.648011,45.034939,1254
7.649714,45.035423,24443
7.647782,45.03661,237
7.648963,45.035046,15648
7.649625,45.034771,1532
7.64739,45.03508,615
7.649393,45.034817,4340
7.649903,45.03627,184
7.648723,45.065228,4322
7.647062,45.066669,20687
7.646924,45.065693,161
7.647889,45.065762,1091
7.648914,45.066029,24
7.648322,45.066547,1784
7.650221,45.065659,223
7.647188,45.064922,823
7.649673,45.066444,190
7.64943,45.066357,581
7.649547,45.065445,152
7.647076,45.072697,594
7.647567,45.074131,61
7.647716,45.073849,1240
7.648635,45.072708,11493
7.649833,45.07325,39401
7.647038,45.074795,2192
7.64874,45.074306,4117
7.648293,45.07486,7942
7.649292,45.072704,422
7.647618,45.072987,141
7.64895,45.073505,17013
7.649504,45.07357,8529
7.647688,45.073006,514
7.649806,45.072861,1947
7.648602,45.072617,1027
7.650077,45.075203,2712
7.649507,45.075611,4060
7.649259,45.077221,3699
7.649691,45.076244,581
7.648587,45.07579,500
7.64974,45.076344,579
7.648152,45.075878,27
7.648715,45.076248,453
7.648313,45.076359,126
7.648221,45.076347,162
7.647377,45.077297,7792
7.650228,45.076725,670
7.648075,45.076286,5188
7.648979,45.077221,4175
7.647356,45.076214,435
7.649097,45.077347,580
7.647346,45.076714,8554
7.648023,45.076927,464
7.648079,45.076996,251
7.6501,45.076027,8062
7.649427,45.075325,3036
7.647975,45.076385,284
7.650054,45.076595,138
7.648578,45.078758,130
7.649505,45.077999,1501
7.648436,45.078766,16920
7.648378,45.077579,144
7.647127,45.078445,2379
7.649638,45.078556,796
7.647257,45.077747,508
7.650136,45.078827,282
7.648955,45.079632,6308
7.649671,45.078445,586
7.65005,45.078957,508
7.651378,45.02354,6162
7.653352,45.02224,26
7.65043,45.022846,1452
7.650528,45.02301,6326
7.653461,45.023502,2725
7.650705,45.022575,507
7.651919,45.022606,21801
7.651783,45.022762,369
7.651836,45.022682,219
7.652262,45.022102,503
7.651556,45.024353,222
7.652424,45.029919,23151
7.65318,45.031395,3774
7.653646,45.031528,608
7.653091,45.030128,8091
7.652533,45.031124,185
7.652781,45.031593,4454
7.65212,45.029587,176
7.652276,45.031586,22711
7.652511,45.031334,9087
7.652006,45.029991,321
7.651759,45.03043,207
7.652346,45.031982,260
7.65243,45.029587,8664
7.653517,45.033932,231
7.650673,45.034538,436
7.650697,45.032043,28859
7.65324,45.033409,5440
7.650473,45.033611,9982
7.650496,45.034336,5579
7.65185,45.033817,2643
7.651843,45.033916,275
7.653043,45.033249,719
7.65261,45.032543,1465
7.651634,45.032131,238
7.651906,45.032078,465
7.652114,45.033844,257
7.652285,45.034225,937
7.652592,45.054039,19498
7.653128,45.053741,8612
7.651659,45.053303,1705
7.651262,45.05434,5020
7.65054,45.053223,386
7.653342,45.052647,1867
7.651347,45.053867,4212
7.653142,45.052963,183
7.653344,45.052216,285
7.651354,45.053158,73
7.653044,45.052528,224
7.651258,45.053638,36
7.652001,45.054085,11473
7.652966,45.052929,467
7.652693,45.053276,5326
7.653467,45.053341,688
7.650592,45.05402,9414
7.652394,45.052696,451
7.650369,45.053001,404
7.653543,45.053574,262
7.651103,45.054337,11423
7.653042,45.053738,494
7.651336,45.065258,2171
7.6505,45.065033,2988
7.653705,45.065388,2514
7.650647,45.067219,254
7.653278,45.067139,2718
7.652807,45.065315,619
7.652383,45.065563,2761
7.650802,45.065865,308
7.651876,45.065224,559
7.651623,45.065216,1283
7.652533,45.06702,1607
7.65306,45.065681,174
7.650374,45.065788,37
7.653411,45.066837,170
7.651945,45.06773,510
7.651045,45.068527,679
7.652105,45.069763,3015
7.651004,45.068119,4364
7.653084,45.068672,2668
7.65336,45.067921,12416
7.652698,45.068428,64
7.652984,45.068233,1338
7.65147,45.0686,724
7.652703,45.069714,185
7.652196,45.069485,957
7.653519,45.067341,1429
7.65217,45.069744,472
7.650388,45.069401,27163
7.653487,45.067532,9833
7.651351,45.073658,346
7.65279,45.072483,8065
7.653272,45.074562,5375
7.652592,45.074833,315
7.651705,45.074402,99
7.651083,45.074894,14315
7.653199,45.074162,489
7.650375,45.073273,976
7.650586,45.073921,489
7.650439,45.07328,176
7.650613,45.074421,622
7.650422,45.074829,184
7.655137,45.040497,169
7.655984,45.041042,2237
7.656563,45.040699,422
7.65511,45.040733,551
7.655648,45.041233,440
7.656142,45.04044,637
7.656877,45.041607,565
7.654898,45.041924,500
7.656085,45.040535,98
7.654653,45.039734,852
7.656267,45.040314,952
7.654984,45.040539,344
7.654613,45.039837,233
7.65445,45.039696,427
7.655587,45.062637,6943
7.655378,45.062622,585
7.655365,45.063385,191
7.655285,45.063362,524
7.65421,45.063519,10015
7.655645,45.063095,595
7.655415,45.063732,1473
7.654686,45.062931,3608
7.656086,45.064602,6818
7.655658,45.064125,543
7.655865,45.064129,4183
7.655314,45.062687,2411
7.656941,45.064442,547
7.655381,45.063511,23725
7.654269,45.070843,251
7.656103,45.071182,175
7.656021,45.071751,374
7.655798,45.071968,511
7.656325,45.071659,191
7.656998,45.070915,591
7.655877,45.071476,556
7.656637,45.071564,469
7.654539,45.072109,7387
7.655996,45.071793,549
7.654107,45.070744,1228
7.656605,45.071812,650
7.655703,45.070446,129
7.65447,45.072056,67
7.656319,45.07098,42
7.65373,45.071262,220
7.654119,45.071949,8231
7.653858,45.070827,582
7.656016,45.071724,515
7.655077,45.077789,366
7.654257,45.078934,2863
7.654172,45.078217,17990
7.655972,45.077503,4554
7.656265,45.078945,5547
7.656295,45.077679,8689
7.655982,45.077908,1016
7.656497,45.077469,2705
7.656355,45.078247,9855
7.655974,45.078957,463
7.656831,45.079296,7547
7.654167,45.077553,3943
7.655927,45.079842,598
7.655551,45.078297,7019
7.656359,45.078415,1276
7.656176,45.078259,369
7.65419,45.080383,541
7.655083,45.08173,482
7.654784,45.081879,9358
7.656943,45.080509,41
7.654187,45.081902,39
7.655825,45.081974,296
7.656199,45.0807,25563
7.655928,45.082432,142
7.65699,45.080585,525
7.655522,45.079983,2579
7.654294,45.081379,2687
7.655006,45.080563,4160
7.653994,45.082161,2752
7.654496,45.07996,248
7.659503,45.054695,9560
7.658215,45.054039,278
7.65982,45.054104,1322
7.659518,45.054234,1456
7.657642,45.052853,31
7.658358,45.054512,1852
7.658816,45.052502,280
7.659263,45.053364,8404
7.658605,45.05307,1680
7.659645,45.052723,6360
7.660246,45.05434,5793
7.658515,45.054558,1376
7.657335,45.054478,120
7.659718,45.053719,216
7.659535,45.054283,1794
7.658999,45.0522,91
7.659656,45.054672,666
7.65904,45.052944,62
7.659129,45.054237,3902
7.659791,45.056828,1054
7.657506,45.055401,208
7.657807,45.055035,13153
7.658737,45.056591,930
7.65781,45.055737,83
7.659288,45.05479,26963
7.657368,45.056965,341
7.657138,45.056892,4922
7.658817,45.056759,3443
7.657691,45.055168,4073
7.659974,45.055485,12924
7.658116,45.055302,534
7.657201,45.056507,397
7.659801,45.055393,2458
7.658718,45.055794,155
7.659242,45.057697,329
7.659793,45.058853,721
7.657828,45.057793,289
7.658677,45.057579,40
7.658425,45.057735,95
7.659505,45.05756,4308
7.659278,45.05777,941
7.659564,45.05756,491
7.660162,45.058094,409
7.660308,45.059326,2218
7.659376,45.058056,247
7.658969,45.07325,531
7.658751,45.074024,4519
7.658202,45.07468,580
7.659663,45.07328,109
7.65825,45.073818,710
7.65893,45.074043,9231
7.658018,45.074306,1188
7.66031,45.073681,25274
7.660161,45.073689,9542
7.659084,45.073277,501
7.657597,45.0728,9199
7.657853,45.073414,4320
7.6604,45.074421,2701
7.660308,45.073906,7540
7.658681,45.073757,1111
7.6572,45.073517,83
7.658155,45.074329,8371
7.660435,45.074318,303
7.659798,45.074379,5080
7.657758,45.076473,2775
7.659283,45.074986,6571
7.660003,45.07608,4285
7.657269,45.076221,322
7.660417,45.076881,393
7.659153,45.075104,7078
7.659119,45.076168,3941
7.658222,45.075352,206
7.657145,45.077232,220
7.658085,45.076736,7738
7.660323,45.076305,246
7.65939,45.07663,18210
7.660431,45.076801,4271
7.657698,45.076378,154
7.6598,45.076939,4285
7.65781,45.074986,552
7.659412,45.075722,382
7.659557,45.077072,12520
7.6578,45.076599,6065
7.6581,45.078335,569
7.65765,45.077808,68
7.658518,45.07896,240
7.659925,45.077488,217
7.657645,45.077568,293
7.658976,45.079266,1488
7.659266,45.079369,605
7.659965,45.079105,1265
7.659778,45.078495,8435
7.660306,45.078083,26988
7.659995,45.079338,1423
7.660317,45.07777,1532
7.659986,45.078835,4047
7.658,45.079689,209
7.659998,45.081081,8951
7.658672,45.081108,8474
7.659182,45.080612,1158
7.657897,45.08152,5316
7.659598,45.081211,193
7.658731,45.081585,8130
7.658378,45.080692,11010
7.658129,45.081509,635
7.658875,45.080025,2228
7.659396,45.080296,2345
7.657794,45.081326,1426
7.659182,45.084061,209
7.660055,45.084637,509
7.66029,45.084217,10504
7.658743,45.083149,11372
7.658148,45.083759,149
7.657674,45.082706,510
7.65867,45.084476,1364
7.659423,45.083569,65
7.659071,45.083706,8565
7.660053,45.0849,174
7.657593,45.083115,47
7.658641,45.091049,565
7.659935,45.09082,628
7.65826,45.09124,190
7.658278,45.09074,597
7.659709,45.091125,550
7.659538,45.091785,712
7.660092,45.091843,626
7.659613,45.091801,546
7.65987,45.091621,704
7.658807,45.090031,642
7.660144,45.091053,549
7.658582,45.091347,523
7.659743,45.090046,297
7.660076,45.090782,580
7.657333,45.091698,582
7.659901,45.091572,2043
7.660149,45.091373,114
7.657561,45.099834,4277
7.65807,45.098984,2735
7.6577,45.100021,194
7.657533,45.099842,271
7.65758,45.097652,14366
7.657866,45.098759,145
7.657374,45.098061,128
7.660313,45.097996,5932
7.658853,45.100071,329
7.659259,45.099171,4248
7.659895,45.098873,1361
7.658852,45.100018,4547
7.662695,45.056091,60
7.663387,45.056351,256
7.661513,45.057102,102
7.660894,45.057152,15659
7.663329,45.056038,1103
7.663002,45.056637,183
7.662132,45.054829,35460
7.661763,45.056961,299
7.661798,45.05637,445
7.662954,45.05592,2936
7.663023,45.054893,1305
7.662873,45.055302,159
7.660943,45.056797,555
7.663354,45.055878,4296
7.663504,45.056267,1301
7.661174,45.055267,1268
7.661697,45.056942,4548
7.662374,45.057846,384
7.661344,45.058117,16857
7.662217,45.059414,11776
7.662465,45.057243,7502
7.663847,45.057903,207
7.662535,45.058445,41
7.661732,45.057331,6120
7.662295,45.057522,556
7.662601,45.059265,15267
7.661562,45.059322,3890
7.66184,45.059013,187
7.663492,45.057442,687
7.660865,45.057415,2310
7.662956,45.058201,220
7.661305,45.059265,265
7.663207,45.058784,43
7.663295,45.059429,530
7.662031,45.058331,2581
7.661787,45.067768,318
7.662209,45.06892,719
7.66195,45.06871,33
7.662835,45.067719,266
7.662578,45.068817,449
7.661797,45.068703,66
7.660862,45.069481,247
7.662631,45.067455,120
7.662682,45.067642,1379
7.661848,45.067585,7310
7.662154,45.068279,364
7.662834,45.068409,5108
7.660726,45.069565,500
7.661447,45.068878,102
7.662813,45.072132,959
7.661682,45.071072,487
7.662838,45.072311,15428
7.66286,45.070107,390
7.663321,45.070782,554
7.663525,45.071621,10480
7.660916,45.072151,376
7.663431,45.072159,1240
7.663163,45.070686,3631
7.662029,45.071846,74
7.661885,45.07069,57
7.662908,45.070206,705
7.660662,45.073109,8292
7.660763,45.073463,5290
7.66084,45.074493,5414
7.661118,45.072933,10053
7.661146,45.072929,543
7.663942,45.072899,56
7.661327,45.074501,105
7.66059,45.072403,1329
7.663472,45.073605,497
7.663708,45.073734,4917
7.660901,45.074692,5557
7.662591,45.072948,5759
7.660704,45.072456,1186
7.660684,45.077602,414
7.661609,45.079498,4460
7.66271,45.078629,903
7.66349,45.078144,7659
7.661162,45.078907,1229
7.662374,45.078556,315
7.662095,45.077988,453
7.663064,45.079903,12780
7.663729,45.078186,474
7.661489,45.079071,78
7.66364,45.077648,998
7.663452,45.077778,526
7.663651,45.079762,4423
7.661777,45.080517,33
7.661274,45.079956,1569
7.663708,45.081318,17341
7.661298,45.081116,11940
7.662832,45.082287,26
7.663291,45.081844,6837
7.662298,45.080673,2322
7.6633,45.081291,265
7.662769,45.080032,3085
7.662107,45.082161,96
7.660789,45.082394,4239
7.666312,45.023838,23
7.665915,45.023033,69
7.667089,45.023178,6923
7.664531,45.023937,31274
7.665059,45.023376,1151
7.666018,45.022655,32
7.666668,45.023468,6941
7.666325,45.024185,11562
7.666001,45.023106,34
7.666559,45.023418,2836
7.667126,45.023102,532
7.665587,45.022732,65
7.667171,45.023544,25
7.667026,45.022495,545
7.666893,45.023014,1747
7.666309,45.053383,1376
7.664215,45.054195,8020
7.666911,45.053646,8123
7.667193,45.053047,645
7.664835,45.054207,689
7.666479,45.053112,475
7.666024,45.05415,246
7.666874,45.052494,59
7.667254,45.053154,1015
7.663951,45.054317,40
7.664361,45.054047,797
7.666951,45.054592,208
7.664001,45.055611,174
7.665147,45.056229,3322
7.664768,45.05653,3044
7.664931,45.055244,572
7.666132,45.055759,3814
7.6672,45.054764,147
7.66565,45.05547,1635
7.666211,45.055042,7911
7.665563,45.057091,315
7.66453,45.056328,23030
7.665711,45.054897,295
7.66426,45.055897,6591
7.664732,45.056553,1176
7.664409,45.055141,197
7.66612,45.065556,245
7.66434,45.066338,552
7.665093,45.066433,192
7.664218,45.065521,214
7.665483,45.065861,196
7.66671,45.064926,22
7.666655,45.065048,644
7.667355,45.066185,166
7.664187,45.064877,259
7.667051,45.067112,74
7.664054,45.065231,685
7.665999,45.066769,51
7.664001,45.065453,159
7.665615,45.066666,48
7.664843,45.066967,1010
7.664884,45.065132,1316
7.666978,45.067699,178
7.667099,45.068233,3763
7.664195,45.069729,2184
7.665415,45.069401,1348
7.665558,45.068485,110
7.664776,45.067791,674
7.666065,45.069588,567
7.664707,45.068935,2723
7.665788,45.069542,761
7.665171,45.069496,150
7.665326,45.069794,3441
7.666996,45.068466,192
7.664986,45.073078,5637
7.665206,45.074821,161
7.666367,45.072693,1101
7.664232,45.073505,9739
7.667238,45.072636,9835
7.664681,45.073624,245
7.66441,45.074081,118
7.664954,45.073257,3020
7.666955,45.072689,106
7.664591,45.073853,2005
7.664135,45.074451,202
7.667212,45.072639,13790
7.667274,45.072727,226
7.666857,45.072651,657
7.666574,45.074409,415
7.665134,45.072945,156
7.66623,45.079288,5769
7.665773,45.079735,1037
7.666122,45.078579,3100
7.66621,45.077503,1105
7.664198,45.079514,5258
7.666302,45.078999,16536
7.666866,45.079647,1994
7.66578,45.07906,77
7.666296,45.077885,516
7.667102,45.077549,435
7.666504,45.078838,243
7.67014,45.028831,2487
7.669683,45.027893,659
7.670458,45.027012,284
7.669542,45.027725,5676
7.670023,45.028416,660
7.670603,45.026978,96
7.670542,45.029465,37
7.667905,45.027458,3971
7.670719,45.027607,492
7.667515,45.029381,8513
7.670745,45.027451,243
7.669705,45.027496,373
7.667689,45.02916,1936
7.66854,45.028625,4862
7.670042,45.034286,1194
7.66803,45.032871,1081
7.668655,45.034325,103
7.669315,45.034115,262
7.669663,45.032928,570
7.66831,45.033115,543
7.66796,45.033375,5126
7.667554,45.032917,613
7.668167,45.032726,128
7.67037,45.033955,408
7.668693,45.033779,22
7.667389,45.0326,545
7.669548,45.034073,1144
7.66985,45.03735,468
7.670647,45.038578,444
7.667927,45.038036,92
7.668967,45.039543,453
7.667744,45.038364,1449
7.667528,45.038509,5258
7.668364,45.039234,616
7.668308,45.039104,42
7.668645,45.038467,4616
7.67053,45.038662,291
7.667436,45.038967,3384
7.669802,45.053894,25
7.669047,45.052334,145
7.670488,45.053986,4075
7.667693,45.053452,41
7.669372,45.053131,1141
7.668091,45.054184,665
7.667695,45.052849,202
7.668324,45.05405,609
7.670105,45.052807,298
7.668826,45.054699,27470
7.670258,45.052723,29555
7.670387,45.052792,2963
7.670742,45.054428,594
7.669855,45.053768,25
7.669013,45.052353,263
7.668143,45.056446,374
7.668812,45.057117,9585
7.668476,45.055134,1446
7.669765,45.056293,202
7.668797,45.055672,2045
7.668969,45.055645,1720
7.667922,45.055759,4085
7.667625,45.056946,2588
7.670587,45.054893,9972
7.66921,45.055042,400
7.670199,45.054745,254
7.670068,45.059319,686
7.66942,45.058113,881
7.668001,45.059391,99
7.669229,45.058144,691
7.667521,45.057537,229
7.667723,45.059029,543
7.66927,45.057747,743
7.668473,45.057953,2676
7.669651,45.058876,2997
7.670558,45.057884,4546
7.667593,45.059299,7617
7.668163,45.058575,124
7.670095,45.058643,390
7.670362,45.058498,54
7.668015,45.057617,87
7.670035,45.058674,207
7.667659,45.059467,1465
7.669535,45.059265,2154
7.667465,45.057747,192
7.670372,45.059555,4273
7.669161,45.057583,1936
7.669029,45.058304,1383
7.67026,45.060749,381
7.667483,45.060253,158
7.669287,45.06052,325
7.669854,45.06189,12665
7.670561,45.061695,4159
7.669667,45.061039,9529
7.668619,45.062092,342
7.670259,45.059807,12626
7.669907,45.061947,399
7.667938,45.061367,288
7.668204,45.061668,634
7.670398,45.062012,109
7.669303,45.060352,5017
7.670543,45.062241,1338
7.66948,45.060326,176
7.670148,45.061695,581
7.66883,45.060673,14824
7.667986,45.060123,3760
7.670746,45.062138,927
7.669844,45.063038,29546
7.668036,45.064037,700
7.670332,45.064449,528
7.668838,45.06271,513
7.669743,45.063187,581
7.668917,45.062489,328
7.670608,45.062302,495
7.670184,45.063038,671
7.668699,45.062695,519
7.669221,45.063713,689
7.669215,45.063324,403
7.669969,45.063309,636
7.669036,45.065273,566
7.667985,45.066669,255
7.66924,45.066456,3184
7.670736,45.066223,716
7.6686,45.065224,241
7.669465,45.066154,128
7.669285,45.066551,599
7.667624,45.064976,267
7.668128,45.066708,477
7.670177,45.065067,694
7.669631,45.066212,1069
7.669119,45.066208,657
7.669615,45.068085,686
7.668721,45.069202,1394
7.669806,45.067829,708
7.668451,45.067444,2069
7.668211,45.067448,22454
7.667884,45.069302,561
7.667771,45.069611,372
7.670019,45.069664,124
7.669975,45.069733,99
7.669357,45.069481,7041
7.670636,45.069683,2980
7.670625,45.068756,154
7.667918,45.069443,1902
7.67034,45.068436,1581
7.668206,45.067616,7881
7.668255,45.067337,568
7.668852,45.068901,402
7.669874,45.067966,7066
7.669838,45.070843,612
7.669432,45.071667,511
7.668205,45.07093,374
7.66863,45.070301,177
7.670187,45.071968,363
7.668092,45.070026,727
7.668383,45.070564,387
7.668464,45.072128,531
7.669033,45.070778,303
7.66913,45.071251,505
7.669666,45.072372,8438
7.668297,45.071316,644
7.668673,45.071167,573
7.668687,45.079815,375
7.669305,45.079872,347
7.670007,45.077446,6278
7.667722,45.078438,30
7.668965,45.079662,32
7.669023,45.079422,1424
7.668219,45.078053,50
7.668932,45.079155,35
7.668904,45.079464,1245
7.668382,45.077602,2526
7.670434,45.078522,6328
7.670094,45.100956,585
7.669772,45.101959,12821
7.66833,45.102253,441
7.667808,45.101582,562
7.669218,45.101898,696
7.668925,45.101585,580
7.668916,45.101784,589
7.670541,45.102325,2155
7.670073,45.100407,29706
7.670632,45.100513,1413
7.667359,45.101448,47
7.669855,45.101246,448
7.672437,45.033722,65
7.672973,45.033596,508
7.671143,45.033211,5150
7.671649,45.03434,468
7.672878,45.034195,620
7.672966,45.034306,2076
7.67323,45.034443,240
7.672125,45.032764,503
7.671282,45.032814,5835
7.672793,45.034161,498
7.673238,45.033989,58
7.672895,45.033489,159
7.672169,45.034302,379
7.671603,45.034378,486
7.673258,45.034298,157
7.671716,45.032372,3810
7.672692,45.033497,493
7.6732,45.034012,59
7.672974,45.034317,881
7.67279,45.033672,476
7.673285,45.034061,35
7.672415,45.03532,3839
7.672357,45.036865,4192
7.671607,45.034908,325
7.672658,45.036369,103
7.672433,45.036545,397
7.67393,45.036674,626
7.672551,45.035042,5495
7.672455,45.035843,36
7.672304,45.035995,32
7.671614,45.035034,2320
7.671574,45.034649,515
7.672801,45.036053,291
7.67241,45.034641,698
7.672464,45.040203,545
7.67174,45.040371,5333
7.672827,45.03965,551
7.67176,45.039902,2465
7.6713,45.039864,5671
7.671402,45.041714,12924
7.673564,45.040363,530
7.67182,45.041576,345
7.670789,45.040932,372
7.671277,45.04071,179
7.671157,45.040489,291
7.670937,45.061607,984
7.672342,45.061146,697
7.673244,45.062103,1936
7.672988,45.060822,16838
7.671356,45.061382,1183
7.671948,45.061974,1382
7.673333,45.062267,15921
7.673214,45.06068,297
7.67089,45.061039,585
7.672397,45.062248,424
7.674066,45.060509,32
7.673513,45.059998,5695
7.67141,45.060535,4130
7.670781,45.062164,10981
7.672307,45.061543,9105
7.673315,45.060928,24
7.673218,45.063622,418
7.672297,45.064301,335
7.671765,45.062416,1556
7.671645,45.064499,561
7.672873,45.064045,586
7.671011,45.063267,506
7.673282,45.063797,486
7.671257,45.06319,319
7.671835,45.063339,10687
7.672646,45.062965,1752
7.67328,45.064125,629
7.671787,45.062366,5420
7.673234,45.064022,657
7.672242,45.063683,4717
7.673166,45.063293,604
7.673563,45.06435,256
7.671521,45.06332,225
7.673281,45.063343,41
7.670918,45.066345,4069
7.671947,45.065437,843
7.672749,45.065063,256
7.672465,45.067005,76
7.671167,45.066788,539
7.672785,45.067165,7110
7.672235,45.066624,481
7.671205,45.064816,469
7.673732,45.065788,630
7.671436,45.066963,654
7.672326,45.064812,577
7.672101,45.065422,4481
7.672609,45.065708,52
7.67325,45.07048,2748
7.671134,45.071537,502
7.671359,45.069885,118
7.672057,45.070778,1389
7.673753,45.071781,4063
7.67173,45.07106,49
7.671925,45.070141,239
7.670824,45.07032,410
7.673608,45.071609,433
7.674068,45.071651,17126
7.672315,45.070339,4959
7.671759,45.072178,603
7.673127,45.071804,588
7.672777,45.086449,1431
7.671575,45.085316,25194
7.67128,45.086575,6857
7.671549,45.085888,8305
7.671679,45.085213,142
7.6714,45.087254,581
7.671846,45.087193,226
7.67218,45.085014,160
7.67137,45.086475,2554
7.670922,45.087463,558
7.672585,45.087162,2470
7.673373,45.091286,407
7.671192,45.091694,1431
7.673365,45.091248,569
7.671949,45.091675,517
7.673318,45.090836,574
7.672421,45.092037,2398
7.673169,45.090305,11485
7.672339,45.091415,141
7.672128,45.090519,170
7.672468,45.0914,480
7.673356,45.09137,651
7.672222,45.091461,422
7.673043,45.090893,280
7.674767,45.037167,561
7.674863,45.038052,568
7.675549,45.037617,361
7.675867,45.038502,295
7.675588,45.038391,43
7.675968,45.038651,507
7.675487,45.038231,526
7.676307,45.038097,782
7.675029,45.038517,522
7.675869,45.038513,640
7.675549,45.037918,414
7.675896,45.038441,87
7.674767,45.038151,512
7.674891,45.038574,500
7.675096,45.038101,562
7.676077,45.037849,340
7.675172,45.037933,682
7.67607,45.039845,127
7.67628,45.041618,120
7.675981,45.041748,32
7.674961,45.041878,544
7.67601,45.039997,447
7.674603,45.041897,28
7.676229,45.040058,538
7.675905,45.039642,323
7.675669,45.041237,685
7.675526,45.040794,488
7.675008,45.039837,543
7.676023,45.040009,187
7.674404,45.042252,55
7.677456,45.044289,1932
7.67727,45.04266,252
7.675159,45.044056,8408
7.675372,45.042992,266
7.674257,45.042343,2322
7.676063,45.04298,633
7.675092,45.042732,46
7.675638,45.044083,6606
7.676569,45.044224,6139
7.676404,45.043995,10008
7.676081,45.04324,747
7.677486,45.043003,3500
7.677297,45.043087,234
7.674275,45.043133,6437
7.676727,45.043442,2667
7.676,45.043964,8415
7.674202,45.043007,889
7.674725,45.051804,3304
7.674706,45.051933,4073
7.67755,45.051746,2802
7.67577,45.05064,16453
7.676456,45.051678,270
7.676437,45.052013,7009
7.677008,45.051392,11487
7.67628,45.050667,5452
7.677042,45.051155,175
7.675973,45.049747,5272
7.674955,45.051788,324
7.676228,45.051823,223
7.677379,45.05006,660
7.675966,45.051319,24299
7.676388,45.050007,7237
7.676933,45.049835,492
7.675765,45.050297,68
7.676692,45.053101,5531
7.676367,45.052223,102
7.67677,45.052475,292
7.676252,45.052399,15678
7.675552,45.053318,33396
7.67529,45.053024,20646
7.676295,45.053043,8268
7.67587,45.05238,4270
7.675287,45.053116,51
7.675719,45.053154,3423
7.676907,45.054661,76
7.675433,45.053265,1641
7.675817,45.066994,612
7.675308,45.065281,287
7.67741,45.067295,5777
7.675627,45.066956,484
7.675724,45.067314,6942
7.675788,45.066921,5243
7.675971,45.066456,1326
7.675848,45.0653,9640
7.675758,45.067081,92
7.675202,45.066944,14187
7.677143,45.067215,3063
7.676379,45.065849,11595
7.677102,45.067059,36525
7.677541,45.067154,7239
7.674823,45.067039,992
7.676202,45.066422,7590
7.676755,45.067081,3491
7.674532,45.066921,517
7.676378,45.067173,587
7.676765,45.069004,295
7.677312,45.067364,1308
7.675862,45.067539,5736
7.677137,45.068127,383
7.674428,45.068302,906
7.675151,45.068043,3892
7.676339,45.067436,25745
7.677484,45.068001,245
7.675472,45.067562,526
7.677296,45.069054,252
7.675734,45.069061,112
7.676212,45.068878,1424
7.674455,45.068909,92
7.674819,45.069382,644
7.67648,45.067474,506
7.676385,45.06739,9481
7.674936,45.073418,2215
7.677034,45.073364,112
7.675623,45.073673,7654
7.674392,45.073612,5175
7.677482,45.074783,5517
7.67658,45.072529,521
7.674455,45.074131,2326
7.675588,45.073624,3645
7.675719,45.07436,832
7.67594,45.073345,610
7.677353,45.072777,1150
7.676372,45.073433,4251
7.674794,45.072876,169
7.6764,45.073639,112
7.676373,45.073502,128
7.674395,45.072384,9884
7.674719,45.073059,328
7.676772,45.077206,34
7.675568,45.076347,60
7.676183,45.075424,647
7.675614,45.076977,1506
7.676025,45.076931,6550
7.675658,45.076206,311
7.676854,45.077099,436
7.674693,45.075573,4791
7.677145,45.077091,214
7.675469,45.076542,129
7.676993,45.075417,675
7.675392,45.075325,225
7.676956,45.077759,399
7.677539,45.077549,4161
7.675207,45.079098,1126
7.675416,45.07806,178
7.674533,45.07983,511
7.6752,45.079685,559
7.675548,45.078178,25
7.674482,45.079777,540
7.67729,45.077877,292
7.675376,45.078064,578
7.677093,45.078598,409
7.674445,45.078159,865
7.674581,45.07885,185
7.674271,45.077656,2611
7.674983,45.077599,161
7.67483,45.079536,239
7.675156,45.077774,126
7.675165,45.094997,289
7.6774,45.093887,1689
7.676497,45.094795,96
7.677485,45.094833,1246
7.674923,45.09491,2661
7.675916,45.092819,13546
7.675601,45.093204,191
7.676178,45.092838,4233
7.676116,45.093491,1069
7.674816,45.093811,148
7.676106,45.092693,12497
7.676187,45.093681,334
7.676472,45.093506,3341
7.677578,45.094666,151
7.67702,45.097343,9853
7.675202,45.096569,1546
7.677345,45.096622,227
7.674745,45.096443,140
7.676171,45.096066,129
7.67594,45.096207,273
7.675505,45.097561,1475
7.674845,45.096748,36
7.675952,45.097141,1758
7.676999,45.096943,12766
7.674222,45.095398,1132
7.675319,45.097206,675
7.675035,45.098274,891
7.6751,45.098038,246
7.676728,45.098824,12818
7.676853,45.09993,1577
7.674275,45.099827,426
7.677521,45.098175,297
7.674246,45.099834,591
7.677547,45.099369,275
7.67703,45.097706,182
7.674237,45.097744,2905
7.677041,45.099178,6158
7.674464,45.100723,586
7.677457,45.101345,2392
7.674925,45.1017,12462
7.676128,45.100491,479
7.675145,45.101414,5785
7.675353,45.100601,82
7.677015,45.101177,850
7.677595,45.102184,697
7.677526,45.101692,621
7.675532,45.101395,302
7.674883,45.101261,1106
7.680218,45.047535,562
7.680211,45.049103,522
7.678353,45.048695,4994
7.678137,45.049576,7075
7.679848,45.048672,374
7.679266,45.048542,556
7.678504,45.047279,778
7.677937,45.04813,152
7.679648,45.048409,19839
7.678297,45.048847,3735
7.678182,45.04903,720
7.678507,45.04821,433
7.678695,45.048473,190
7.679112,45.048187,1824
7.680124,45.047394,8559
7.679283,45.047623,225
7.679797,45.054741,1407
7.678283,45.055904,2271
7.680608,45.055962,1711
7.678753,45.054993,591
7.679438,45.056774,5276
7.677631,45.055725,4804
7.679698,45.055115,5118
7.68053,45.05537,8768
7.679646,45.056583,831
7.680473,45.055447,808
7.678833,45.05513,1793
7.678437,45.055889,591
7.678336,45.05579,616
7.680135,45.063915,119
7.680091,45.064178,367
7.679115,45.063477,33
7.677671,45.064793,2692
7.67863,45.064125,415
7.68068,45.063133,139
7.677907,45.062717,246
7.68037,45.063095,263
7.679876,45.063114,208
7.680737,45.062832,305
7.680051,45.063835,125
7.679333,45.083076,6018
7.679382,45.082752,2990
7.678947,45.083984,265
7.679272,45.084728,2590
7.679958,45.083172,982
7.678226,45.084782,405
7.678009,45.083916,162
7.678144,45.084236,403
7.679578,45.083035,6996
7.678105,45.084038,435
7.67968,45.082745,499
7.68083,45.094536,455
7.677897,45.095036,135
7.678877,45.094364,4415
7.678152,45.094658,565
7.679895,45.093567,11070
7.679832,45.093948,397
7.679499,45.094532,511
7.679619,45.093494,6907
7.679122,45.093735,915
7.680684,45.095036,3778
7.678249,45.094704,61
7.6787,45.093075,41
7.678573,45.093136,644
7.678152,45.094921,207
7.678994,45.095295,1786
7.680426,45.095196,440
7.680977,45.095119,11672
7.68003,45.096218,2848
7.67973,45.096016,2506
7.680995,45.095818,11451
7.678509,45.096001,1475
7.678352,45.09586,1684
7.67882,45.095482,6769
7.679061,45.095715,1630
7.680611,45.096466,205
7.68432,45.056759,1331
7.683373,45.055183,180
7.68303,45.056252,2855
7.683313,45.055363,435
7.683693,45.05513,373
7.683878,45.056831,856
7.682939,45.055149,2338
7.681393,45.055195,588
7.682428,45.057022,24
7.683252,45.05695,12808
7.682115,45.055534,584
7.684224,45.056404,6803
7.682369,45.055702,528
7.683269,45.058369,526
7.683955,45.057308,14309
7.681173,45.059345,4684
7.68312,45.058002,28
7.682668,45.057716,1162
7.684371,45.057735,2260
7.68145,45.059563,4938
7.684277,45.059364,90
7.683538,45.057461,73
7.681254,45.058968,1475
7.682979,45.059193,13934
7.681468,45.066067,567
7.682682,45.066967,274
7.68128,45.065735,27307
7.681555,45.065819,148
7.681723,45.064808,248
7.681413,45.065704,179
7.681252,45.065544,47
7.683685,45.066555,119
7.68136,45.065865,192
7.681862,45.065807,31
7.68187,45.065529,677
7.683883,45.081104,4158
7.682618,45.081242,553
7.681879,45.082047,1337
7.681551,45.081543,257
7.68165,45.081604,13022
7.681218,45.080845,493
7.684011,45.080647,2119
7.682062,45.082066,4163
7.681744,45.081654,1165
7.681931,45.0821,518
7.681375,45.081696,80
7.684245,45.09079,64
7.68261,45.090889,579
7.682488,45.091331,455
7.682515,45.090092,189
7.681499,45.090462,84
7.682052,45.090546,575
7.681733,45.091843,567
7.681486,45.090443,228
7.68309,45.092232,539
7.682142,45.091328,565
7.681087,45.0905,547
7.686478,45.064579,154
7.686329,45.064106,235
7.686025,45.062901,234
7.686569,45.063534,7412
7.68714,45.064121,47
7.686021,45.063046,1500
7.685262,45.062744,4824
7.686101,45.064255,118
7.685483,45.063316,152
7.686352,45.064175,80
7.685084,45.064766,6184
7.68595,45.063267,458
7.6877,45.067432,2838
7.685273,45.068649,271
7.684738,45.067352,2019
7.687185,45.067928,321
7.687335,45.068359,3820
7.687637,45.06826,215
7.686553,45.067974,257
7.687647,45.068264,423
7.686277,45.067924,397
7.687413,45.068123,4596
7.687475,45.068489,871
7.690303,45.06049,5334
7.690878,45.061356,2734
7.689346,45.060646,77
7.68851,45.062035,1225
7.688186,45.060432,184
7.690191,45.061821,214
7.690896,45.060616,21022
7.689236,45.06168,358
7.690435,45.059971,1030
7.690391,45.061813,2827
7.688191,45.062111,104
7.688222,45.06205,351
7.69246,45.070244,406
7.693891,45.07119,2763
7.692513,45.070637,357
7.6937,45.071743,4194
7.694633,45.071625,438
7.693007,45.071049,384
7.694001,45.070889,2493
7.694615,45.070801,302
7.692212,45.071774,764
7.693317,45.071957,304
7.693174,45.070808,440
7.694355,45.070503,272
7.693386,45.070324,488
7.692663,45.074532,576
7.692083,45.072586,198
7.694598,45.073223,550
7.69173,45.07312,9988
7.692227,45.072929,4293
7.691702,45.0746,7723
7.693935,45.072578,2593
7.692307,45.074821,5494
7.691402,45.07275,36
7.693666,45.072517,5823
7.694262,45.073364,3437
7.69251,45.074501,592
7.692486,45.072975,249
7.692564,45.073872,335
7.693271,45.073124,460
7.696161,44.994938,420
7.69565,44.996212,573
7.695634,44.996124,547
7.694949,44.996567,265
7.696338,44.995731,296
7.695497,44.996132,410
7.695311,44.996487,561
7.696025,44.995033,438
7.695618,44.996269,314
7.695219,44.996616,117
7.695141,44.996319,644
7.6949,44.996548,229
7.696094,45.057011,26
7.695428,45.05698,26
7.697543,45.054722,2169
7.695039,45.055607,341
7.695367,45.056595,65
7.696062,45.05497,640
7.696133,45.055019,11144
7.695402,45.056938,891
7.696937,45.056229,423
7.695088,45.056179,71
7.696583,45.056435,115
7.694918,45.069077,480
7.696377,45.068092,11363
7.697152,45.06879,319
7.695642,45.067703,4184
7.697144,45.068993,2608
7.697206,45.068871,2691
7.697819,45.069439,4196
7.696202,45.069832,334
7.69652,45.069473,509
7.695344,45.069721,1517
7.696046,45.069016,431
7.697855,45.069481,7916
7.697919,45.067444,3119
7.695944,45.068169,26
7.695566,45.077278,4400
7.695062,45.075058,86
7.697114,45.07563,1418
7.695193,45.076874,367
7.696373,45.07703,6411
7.6963,45.075798,558
7.697107,45.076683,5712
7.696197,45.075394,11528
7.69615,45.076069,530
7.697671,45.076561,2080
7.697686,45.077351,208
7.697886,45.076046,55
7.697664,45.076889,531
7.695062,45.076664,2820
7.697711,45.077198,9003
7.695896,45.074921,334
7.700701,45.077267,3968
7.700135,45.075359,592
7.699069,45.075996,670
7.700387,45.075264,580
7.701365,45.075729,573
7.698683,45.076096,5696
7.699327,45.075603,414
7.700735,45.075371,354
7.701059,45.076107,474
7.699562,45.075069,530
7.698612,45.076122,208
7.69866,45.076134,20347
7.700745,45.076576,446
7.700515,45.09597,1207
7.70007,45.095497,9741
7.700977,45.096336,699
7.700511,45.096775,53
7.699079,45.096169,522
7.701166,45.09634,503
7.699283,45.095715,2529
7.699938,45.09684,293
7.70072,45.096653,520
7.699252,45.09668,48
7.700459,45.096821,504
7.700907,45.0966,797
7.699397,45.096973,61
7.698271,45.098797,379
7.699573,45.099026,815
7.700355,45.099167,31
7.699815,45.098831,524
7.698514,45.099018,565
7.701452,45.097973,481
7.699967,45.098911,1245
7.701039,45.09824,1399
7.6987,45.099827,645
7.700706,45.098793,32383
7.699638,45.097607,2727
7.700507,45.09943,243
7.699352,45.103333,1353
7.698938,45.103233,927
7.698816,45.105011,2637
7.701396,45.104465,727
7.699206,45.104153,2660
7.699366,45.104019,47
7.700183,45.103127,714
7.700302,45.103992,3100
7.699296,45.104786,886
7.698624,45.10289,642
7.698295,45.103931,1504
7.702893,45.069038,4423
7.701845,45.068966,2592
7.704082,45.068821,434
7.701907,45.067539,49
7.704662,45.069012,959
7.704495,45.068863,190
7.704784,45.068039,2132
7.703046,45.06971,10137
7.702633,45.067715,13121
7.701762,45.067921,524
7.704121,45.068409,2759
7.701726,45.068909,2875
7.702448,45.069561,8276
7.703833,45.071651,189
7.701807,45.072292,599
7.703163,45.070927,8136
7.704888,45.070301,482
7.70347,45.071339,3975
7.704895,45.071579,513
7.702561,45.071896,428
7.702346,45.071209,332
7.70294,45.071472,237
7.703522,45.070808,5069
7.702403,45.071999,355
7.703457,45.070717,1617
7.704706,45.104324,314
7.70246,45.102974,56
7.703832,45.103874,595
7.703709,45.104919,698
7.703705,45.103844,717
7.70436,45.104458,248
7.703822,45.10371,17893
7.703667,45.103756,519
7.703693,45.103809,239
7.702022,45.104027,555
7.703995,45.103817,461
7.702378,45.104042,560
7.701895,45.104324,43
7.703729,45.103725,559
7.707353,45.070438,501
7.705075,45.071526,491
7.708062,45.070362,5755
7.70796,45.072048,614
7.705039,45.070385,4053
7.705445,45.070305,17256
7.706703,45.071587,351
7.706491,45.069973,788
7.707836,45.070736,213
7.708076,45.072292,515
7.705482,45.070335,539
7.707677,45.071487,468
7.707667,45.071033,3017
7.710461,45.072117,2008
7.711597,45.071758,2752
7.710331,45.071358,539
7.709411,45.072258,1313
7.711719,45.070591,442
7.709321,45.069996,383
7.710262,45.069984,231
7.711323,45.071972,1272
7.708415,45.070854,11382
7.711611,45.071999,2769
7.710861,45.070618,839
7.709418,45.071968,9704
7.709345,45.070431,619
7.710643,45.072205,4899
7.713616,45.065247,142
7.713938,45.065727,438
7.714268,45.064846,368
7.712248,45.065762,204
7.714527,45.064941,2030
7.712162,45.065937,139
7.713881,45.065025,554
7.712077,45.065804,762
7.713944,45.064896,2542
7.715062,45.066917,3509
7.714869,45.065617,2384
7.712872,45.070938,558
7.71409,45.070072,818
7.711855,45.071335,551
7.712543,45.070087,222
7.711888,45.07122,2438
7.714025,45.070595,550
7.713147,45.071728,29
7.712582,45.070663,4006
7.711887,45.070995,19996
7.715127,45.070549,1324
7.71224,45.070656,2488
7.71174,45.070839,1575
7.715065,45.071583,3938
7.71489,45.072109,180
7.71241,45.07082,23031
7.711727,45.071194,255
7.71194,45.074738,278
7.714602,45.072506,150
7.712524,45.073055,1101
7.712623,45.074577,561
7.714615,45.072529,321
7.712298,45.074577,640
7.714908,45.074532,750
7.713262,45.073219,10049
7.711851,45.073189,518
7.713884,45.074261,539
7.715035,45.074402,269
7.713239,45.073521,634
7.724329,45.074146,294
7.724467,45.073788,199
7.7223,45.072414,641
7.723277,45.074379,217
7.724808,45.074429,222
7.723844,45.072872,4261
7.723558,45.072426,6716
7.723738,45.074551,451
7.725317,45.074085,9951
7.724053,45.074375,303
7.725347,45.073368,51
7.725315,45.076881,2620
7.725033,45.07695,605
7.725209,45.075066,14251
7.724879,45.075478,999
7.72491,45.075535,289
7.722876,45.075485,4056
7.72508,45.076885,4318
7.722405,45.074986,2888
7.723779,45.076347,3997
7.725107,45.07502,1362
7.723544,45.0756,4757
7.723581,45.075035,64
7.733417,45.07938,71
7.73356,45.079578,21
7.732391,45.079899,258
7.732953,45.079906,529
7.732858,45.078831,443
7.732927,45.077713,250
7.733109,45.079533,10001
7.733708,45.079617,34
7.732841,45.078556,641
7.732568,45.077885,2588
7.733267,45.079372,453
